title,company,location,link
Senior Backend Engineer (Python/Django) (m/f/d),Motius GmbH,"Belgrad, Serbien",https://stackoverflow.com/jobs/565746/
Software Developer (Python),Picnic,"Amsterdam, Netherlands",https://stackoverflow.com/jobs/292346/
"Python and Typescript (React, GraphQL) Developers",OpenUnited,No office location,https://stackoverflow.com/jobs/565750/
Python Software Engineer (Quant Trading Firm),"Old Mission Capital, LLC","Chicago, IL",https://stackoverflow.com/jobs/528807/
Backend Engineering Manager (Python) - Spekit - High Growth Series A Startup,SpekitviaSource Coders,No office location,https://stackoverflow.com/jobs/565704/
Senior Backend Engineer - Python,Cornershop,"São Paulo, Brazil",https://stackoverflow.com/jobs/515697/
Python Engineer,McD Tech Labs,"Mountain View, CA",https://stackoverflow.com/jobs/534766/
Backend Engineer (Python/ Django),Sector Labs,"Dubai, United Arab Emirates",https://stackoverflow.com/jobs/518496/
Back-End Developer (i.e. Python),Imaginary Cloud,No office location,https://stackoverflow.com/jobs/561294/
Full-Stack Engineer (Python OR Javascript),Neo4j,"Malmö, Sweden",https://stackoverflow.com/jobs/362199/
Python/Django back-end developer (Remote),Soshace LLC,No office location,https://stackoverflow.com/jobs/561827/
Python Software Engineer,Captivation Software,"Fort Meade, MD",https://stackoverflow.com/jobs/525426/
Python Developer (Remote),Finsera,No office location,https://stackoverflow.com/jobs/524065/
Senior Python Developer,Marketer Technologies AS,"Oslo, Norway",https://stackoverflow.com/jobs/518200/
Lead/Senior Software Engineer (Python/Django),Sector Labs,"Dubai, United Arab Emirates",https://stackoverflow.com/jobs/551454/
Python Software Developer,EODC GmbH,"Wien, Österreich",https://stackoverflow.com/jobs/496568/
Senior Backend Engineer - Python - México,Cornershop by Uber,No office location,https://stackoverflow.com/jobs/526139/
(Senior) Full-Stack Web Developer - React | Typescript | Python | Kubernetes,Dynatrace,"Wien, Austria",https://stackoverflow.com/jobs/559763/
Senior Python/Django Full-stack Developer,Apicbase Belgium,No office location,https://stackoverflow.com/jobs/515716/
Python Developer (Remote),X-Team,No office location,https://stackoverflow.com/jobs/534454/
"Tech Lead, Python Systems Engineering",McD Tech Labs,"Mountain View, CA",https://stackoverflow.com/jobs/523801/
Python Entwickler*in Remote (f/m/d),Ambient,"Köln, Deutschland",https://stackoverflow.com/jobs/493874/
Senior Python/Django Full-stack Developer,Apicbase Belgium,No office location,https://stackoverflow.com/jobs/545356/
C++ and Python software engineers - Metrology,ASML,"Veldhoven, Netherlands",https://stackoverflow.com/jobs/523429/
"Senior Software Engineer (Back End) - Python, Flask, Sqlalchemy, Redis-queue",Capital Group,"Los Angeles, CA",https://stackoverflow.com/jobs/538624/
Softwareentwickler (m/w/d) Backend Python/Go,Hetzner Cloud GmbH,"Unterföhring, Deutschland",https://stackoverflow.com/jobs/272624/
C++ and Python software engineers - Metrology,ASML,"Veldhoven, Netherlands",https://stackoverflow.com/jobs/523429/
Senior Python Full Stack Engineer,e-bot7 GmbH,"Munich, Germany",https://stackoverflow.com/jobs/551750/
Senior Software Engineer (Python),HENNGE K.K.,"Tokyo, Japan",https://stackoverflow.com/jobs/555511/
Software Engineer - Machine Learning Team (Python/C++) (m/w/d),Volume Graphics GmbH,"Heidelberg, Deutschland",https://stackoverflow.com/jobs/550558/
"SENIOR FULL-STACK DEV WITH RUBY / PYTHON / REACT NATIVE -- 100% REMOTE, FLEXIBLE",Analytics Fire,No office location,https://stackoverflow.com/jobs/517987/
Lead/Senior Software Engineer (Python/Django),Sector Labs,"Dubai, United Arab Emirates",https://stackoverflow.com/jobs/551454/
Backend developer (Python/Django) with a passion for open source,5 Monkeys Agency ABvia5 Monkeys Agency AB,"Stockholm, Sweden",https://stackoverflow.com/jobs/546429/
(Senior) Full-Stack Web Developer - React | Typescript | Python | Kubernetes,Dynatrace,"Wien, Austria",https://stackoverflow.com/jobs/559763/
Senior Python/Django Full-stack Developer,Apicbase Belgium,No office location,https://stackoverflow.com/jobs/515716/
"Data Engineer (Python, SQL)",Huxley Banking & Financial ServicesviaHuxley (US),"Chicago, IL",https://stackoverflow.com/jobs/526406/
"Python Software Engineer, Commercial Systems",Canonical,No office location,https://stackoverflow.com/jobs/560585/
Senior Fullstack Engineer (Python/Django/React)- #12 of Top-100 Marketplaces,StyleSeat,No office location,https://stackoverflow.com/jobs/561047/
Principal Python Engineer,ComplyAdvantage,"London, UK",https://stackoverflow.com/jobs/504216/
Senior Python Backend Developer,Alfi Inc.,"Belfast, UK",https://stackoverflow.com/jobs/520640/
Senior Data Engineer (Python) - Remote,SemanticBits,No office location,https://stackoverflow.com/jobs/559051/
Senior Software Engineer - Python,DIGARC,No office location,https://stackoverflow.com/jobs/497630/
"Python Back End Developer (FastAPI, Django, Celery)","Daupler, Inc.","Kansas City, MO",https://stackoverflow.com/jobs/523350/
"Senior Data Engineer (Python, Kafka, Airflow)",AMBOSS,"Berlin, Germany",https://stackoverflow.com/jobs/415218/
"Senior IoT Developer (M/W/D/) Python, C++",VISPIRON CHARGE-V GmbH,"München, Deutschland",https://stackoverflow.com/jobs/524044/
Sr. Full Stack Engineer- Python,AutoTrader,"Toronto, ON, Canada",https://stackoverflow.com/jobs/529021/
Python Developer/ Trading Systems Engineer,Huxley Banking & Financial ServicesviaHuxley (US),"New York, NY",https://stackoverflow.com/jobs/522467/
Python Software Engineer - International growing scale-up!,Channable,"Utrecht, Netherlands",https://stackoverflow.com/jobs/265091/
Software Engineer (Python Data Stack) (m/f/d),QuantCo,"Karlsruhe, Germany",https://stackoverflow.com/jobs/349976/
Senior Backend (Python / Django) Engineer (m/f/x),Alasco,"München, Germany",https://stackoverflow.com/jobs/559740/
Software Engineers - Cloud Reliability & Infrastructure (Python or Java),Canva,"Sydney, Australia",https://stackoverflow.com/jobs/373689/
Software Engineer - Machine Learning Team (Python/C++) (m/w/d),Volume Graphics GmbH,"Heidelberg, Deutschland",https://stackoverflow.com/jobs/550558/
"SENIOR FULL-STACK DEV WITH RUBY / PYTHON / REACT NATIVE -- 100% REMOTE, FLEXIBLE",Analytics Fire,No office location,https://stackoverflow.com/jobs/517987/
Backend developer (Python/Django) with a passion for open source,5 Monkeys Agency ABvia5 Monkeys Agency AB,"Göteborg, Sweden",https://stackoverflow.com/jobs/546428/
Developer Technology Engineer - Test Automation (C++ / Python / Jenkins),Imagination Technologies,"Kings Langley, UK",https://stackoverflow.com/jobs/543473/
Python Developer,Risk Focus,No office location,https://stackoverflow.com/jobs/552173/
Python Software Engineer,Sav.com,"Chicago, IL",https://stackoverflow.com/jobs/515692/
Senior Python Engineer,Huxley Banking & Financial ServicesviaHuxley (US),"Boston, MA",https://stackoverflow.com/jobs/524663/
Python Engineer,Intel Corporation,"Gdańsk, Poland",https://stackoverflow.com/jobs/529943/
(Senior) Python Developer (m/f/d),tribe29 GmbH,"München, Deutschland",https://stackoverflow.com/jobs/526671/
Fullstack Cloud Engineer (Python/React/AWS),Montash,No office location,https://stackoverflow.com/jobs/556128/
"Data Engineer (Python, ETL)",Finsera,No office location,https://stackoverflow.com/jobs/536631/
A 'jack-of-all-trades' for an Agile team - Python Dev/ Tech Lead/ Scrum Master,Pentalog,"Hanoi, Vietnam",https://stackoverflow.com/jobs/554242/
"Data Engineer (Python, SQL)",Huxley Banking & Financial ServicesviaHuxley (US),"Chicago, IL",https://stackoverflow.com/jobs/526406/
Software Engineer (Java/Python),ComplyAdvantage,"London, UK",https://stackoverflow.com/jobs/528544/
Python Developer suchen Kollegen (m/w/d),solute GmbH,"Karlsruhe, Deutschland",https://stackoverflow.com/jobs/284443/
"Principal Software Engineer, Data (Python & pandas) - London",Synthace Ltd.,"London, UK",https://stackoverflow.com/jobs/554536/
"Python Software Engineer, Commercial Systems",Canonical,No office location,https://stackoverflow.com/jobs/560585/
Senior Python Softwareentwickler:in (m/w/d),JobRad GmbH,"Freiburg im Breisgau, Deutschland",https://stackoverflow.com/jobs/563123/
Fullstack Developer (Python/React),We Got POP Ltd,"London, UK",https://stackoverflow.com/jobs/525267/
Senior Devops Engineer (Python scripting),Basware,"Chandigarh, India",https://stackoverflow.com/jobs/483223/
"Senior IoT Developer (M/W/D/) Python, C++",VISPIRON CHARGE-V GmbH,"München, Deutschland",https://stackoverflow.com/jobs/524044/
"Senior Software Engineer, Integration QA, Python",Canonical,No office location,https://stackoverflow.com/jobs/519661/
"Data Engineer (m/f) (SQL, Python, R, Java)",RIAG DIGITAL,"Wien, Austria",https://stackoverflow.com/jobs/376577/
"Senior Python Software Developer (m/f/d) @ our Partner ADSPERT (Berlin, remote)",solute GmbH,"Berlin, Deutschland",https://stackoverflow.com/jobs/547853/
Enthusiastic developers for small informal software company,Black Cow Technology,"Oxford, UK",https://stackoverflow.com/jobs/503556/
Python Developer/ Trading Systems Engineer,Huxley Banking & Financial ServicesviaHuxley (US),"New York, NY",https://stackoverflow.com/jobs/522467/
Fullstack Developer (Python/React),We Got POP Ltd,"London, UK",https://stackoverflow.com/jobs/525267/
Lead Software Engineer - Python Focus Big Loop Systems (m/f/d),CARIAD,"Ingolstadt, Germany",https://stackoverflow.com/jobs/547925/
"Senior .Net Developer for ML, Computer Vision and Python Algorithm development",MapLarge,No office location,https://stackoverflow.com/jobs/165235/
Senior Devops Engineer (Python scripting),Basware,"Chandigarh, India",https://stackoverflow.com/jobs/483223/
Developer Technology Engineer - Test Automation (C++ / Python / Jenkins),Imagination Technologies,"Kings Langley, UK",https://stackoverflow.com/jobs/543473/
"Senior Python Software Developer (m/f/d) @ our Partner ADSPERT (Berlin, remote)",solute GmbH,"Berlin, Deutschland",https://stackoverflow.com/jobs/547853/
(Senior) Python Developer (m/f/d),tribe29 GmbH,"München, Deutschland",https://stackoverflow.com/jobs/526671/
"IoT / Java, Python Entwickler (w/m/d) - bundesweit & Homeoffice",objective partner AG,"Weinheim, Deutschland",https://stackoverflow.com/jobs/550882/
"Lead Data Warehouse Engineer ( Python,AWS) - US/Remote",Modus Create,No office location,https://stackoverflow.com/jobs/562764/
Frontend React.js Developer (Remote),Soshace LLC,No office location,https://stackoverflow.com/jobs/561825/
Node.js Developer (Remote),Soshace LLC,No office location,https://stackoverflow.com/jobs/561826/
Cloud Automation Engineer,tribe29 GmbH,"München, Deutschland",https://stackoverflow.com/jobs/547843/
Analyste solution/ Chef de projet déploiement Smart O&M (H/F),ENGIE Digital,"Paris, France",https://stackoverflow.com/jobs/548602/
DevOps Engineer with interesting scale up challenges,Channable,"Utrecht, Netherlands",https://stackoverflow.com/jobs/500253/
Product Owner Smart O&M (H/F),ENGIE Digital,"Paris, France",https://stackoverflow.com/jobs/554454/
QA Analyst (H/F),ENGIE Digital,"Paris, France",https://stackoverflow.com/jobs/528279/
"Arista Networks is hiring Front End Engineer for Dublin office(JS, React+Redux)","Arista Networks, Inc","Dublin, Ireland",https://stackoverflow.com/jobs/482910/
Senior Full-stack Web Developer,F-Secure,"Poznań, Poland",https://stackoverflow.com/jobs/526479/
Senior Full-stack Web Developer,F-Secure,"Basingstoke, UK",https://stackoverflow.com/jobs/535566/
Android Developer,F-Secure,"Helsinki, Finland",https://stackoverflow.com/jobs/552308/
Experienced Front-end Developer,F-Secure,"Helsinki, Finland",https://stackoverflow.com/jobs/552301/
iOS Developers,F-Secure,"Helsinki, Finland",https://stackoverflow.com/jobs/552307/
Penetration Tester - Cyber Security,F-Secure,"London, UK",https://stackoverflow.com/jobs/554863/
Sr. Full Stack Engineer - MobileCoin (Unicorn Startup): Cryptocurrency Platform,MobileCoinviaSource Coders,No office location,https://stackoverflow.com/jobs/565642/
Penetration Tester - Cyber Security,F-Secure,"London, UK",https://stackoverflow.com/jobs/554863/
C++ developer in Berlin. 120 000 euro per year,think-cell,"Berlin, Germany",https://stackoverflow.com/jobs/36832/
iOS Developer,Marks & Spencer,"London, UK",https://stackoverflow.com/jobs/530984/
Full-Stack Software Engineer,Marks & Spencer,"London, UK",https://stackoverflow.com/jobs/530982/
Android Developer,Marks & Spencer,"London, UK",https://stackoverflow.com/jobs/530799/
Technical Lead - Data Event Platform,Marks & Spencer,"London, UK",https://stackoverflow.com/jobs/530983/
Software Engineer - Full Stack,UPowr Pty Ltd,"Sydney, Australia",https://stackoverflow.com/jobs/501250/
Backend Developer (Node.js),RBW ConsultingviaRBW Consulting,"Boston, MA",https://stackoverflow.com/jobs/565674/
DevOps Engineer - Spekit - High Growth Series A Startup,SpekitviaSource Coders,"Denver, CO",https://stackoverflow.com/jobs/565705/
Full-Stack Technical Lead,SSENSE,"Montreal, QC, Canada",https://stackoverflow.com/jobs/521742/
Django Engineer (human) for Germany's leading local marketing platform,RegioHelden GmbH,"Stuttgart, Germany",https://stackoverflow.com/jobs/565651/
"Software Engineer, Backend",SmartNews,"Shibuya City, Japan",https://stackoverflow.com/jobs/208334/
"Software Developers for our offices in Berlin, Hamburg, Göttingen or Abingdon",Evotec SE,"Hamburg, Germany",https://stackoverflow.com/jobs/524299/
Intertoob Scanner Builder (Fullstack Engineer),Carve Systems,"Golden, CO",https://stackoverflow.com/jobs/517498/
Staff Software Engineer,BillionToOne,"Menlo Park, CA",https://stackoverflow.com/jobs/565619/
Backend Developer,AudioValley,"Paris, France",https://stackoverflow.com/jobs/518186/
Software Engineer,Slimmer AI,"Amsterdam, Netherlands",https://stackoverflow.com/jobs/552562/
Softwareentwickler*in (m/w/x) (Vollzeit),Orendt Studios GmbH,"Hamburg, Deutschland",https://stackoverflow.com/jobs/565680/
React Front End Developer,"Daupler, Inc.","Kansas City, MO",https://stackoverflow.com/jobs/523351/
Full-Stack Technical Lead,SSENSE,"Austin, TX",https://stackoverflow.com/jobs/521737/
Backend Developer,Octopus Energy,"London, UK",https://stackoverflow.com/jobs/197943/
Backend Developer - APIs Team,Octopus Energy,"London, UK",https://stackoverflow.com/jobs/533658/
Senior Software Developer (Full Stack),Jewel Paymentech Pte Ltd,Singapore,https://stackoverflow.com/jobs/534474/
Senior Full Stack Software Engineer,kaliber.ai,"San Francisco, CA",https://stackoverflow.com/jobs/251476/
Software Entwickler (m/w/d),NOVOMATIC AG,"Gumpoldskirchen, Österreich",https://stackoverflow.com/jobs/554829/
"Software Developers for our offices in Berlin, Hamburg, Göttingen or Abingdon",Evotec SE,"Hamburg, Germany",https://stackoverflow.com/jobs/524299/
Backend Software Engineer - Trust and Safety Engineering,ByteDance,Singapore,https://stackoverflow.com/jobs/546396/
Backend Software Engineer,Armored Things,"Boston, MA",https://stackoverflow.com/jobs/322319/
Backend Engineer (Remote),Eterlast,"Barcelona, Spain",https://stackoverflow.com/jobs/563092/
(Senior) Full-Stack Engineer (m/f/d) - SAP Business Process Intelligence,Signavio,"Berlin, Germany",https://stackoverflow.com/jobs/556120/
"Full-Stack Developer, Research & Development",Houston Astros Baseball R&D,"Houston, TX",https://stackoverflow.com/jobs/536288/
Senior Software Engineer (Frontend),Deepfield Networks,"Ann Arbor, MI",https://stackoverflow.com/jobs/185876/
Business Intelligence Engineer (all genders),asgoodasnew electronics GmbH,"Berlin, Deutschland",https://stackoverflow.com/jobs/565661/
Web Engineer,Signal AI,"London, UK",https://stackoverflow.com/jobs/273615/
React Front End Developer,"Daupler, Inc.","Kansas City, MO",https://stackoverflow.com/jobs/523351/
Junior Backend Engineer,Slimmer AI,"Amsterdam, Netherlands",https://stackoverflow.com/jobs/555254/
Research Software Engineer - HPC (f/m/x),Helmholtz-Zentrum für Umweltforschung GmbH - UFZ,"Leipzig, Deutschland",https://stackoverflow.com/jobs/561021/
Fully Remote Senior or Staff SRE Engineer - Platform9,Platform9viaSource Coders,"Mountain View, CA",https://stackoverflow.com/jobs/565707/
Senior Software Engineer - Remote,Tucows,No office location,https://stackoverflow.com/jobs/556752/
"Backend Engineer, Markets",TradeBlock,"New York, NY",https://stackoverflow.com/jobs/559193/
Remote Fullstack Entwicklerin (m/w/d),Ambient,"Köln, Deutschland",https://stackoverflow.com/jobs/552969/
"Backend Software Engineer, Customer Service Platform",ByteDance,Singapore,https://stackoverflow.com/jobs/529048/
Sr. or Lead Front End Engineer - Cisco Meraki - Fully Remote (U.S. or Canada),Cisco MerakiviaSource Coders,No office location,https://stackoverflow.com/jobs/565641/
Senior Software Developer (Full Stack),Jewel Paymentech Pte Ltd,Singapore,https://stackoverflow.com/jobs/534474/
Software Engineer (Monitoring System) - Working in Japan,LINE Fukuoka,"Fukuoka, Japan",https://stackoverflow.com/jobs/273841/
Software Engineer (Backend) (m/f/d),QuantCo,"Berlin, Germany",https://stackoverflow.com/jobs/409511/
Software developer for test automation (f/m/x),OMICRON electronics GmbH,"Klaus, Austria",https://stackoverflow.com/jobs/441369/
Software Engineer (m/w/d) IoT,Schuler Pressen GmbH,"Göppingen, Deutschland",https://stackoverflow.com/jobs/562572/
(Senior) Backend Engineer at sustainable start-up (m/f/x) - Munich or Remote,FINN,"München, Germany",https://stackoverflow.com/jobs/331741/
Senior Software Engineer/SRE - Trading Analytics,Bloomberg LP,"London, UK",https://stackoverflow.com/jobs/551412/
Lead Full-Stack Software Engineer (Tech Lead) (f/m/d),HeidelbergCement AG,"Heidelberg, Deutschland",https://stackoverflow.com/jobs/557326/
"Backend Software Engineer, DevOps",Avature,No office location,https://stackoverflow.com/jobs/565332/
"Full-Stack Developer (JavaScript, Node.JS) - REMOTE",MUFG,No office location,https://stackoverflow.com/jobs/559442/
Full-Stack Software Engineer (C# + .NET 6 / React + Typescript) (f/m/d),HeidelbergCement AG,"Heidelberg, Deutschland",https://stackoverflow.com/jobs/559624/
"Frontend Software Engineer, Business Integrity",ByteDance,Singapore,https://stackoverflow.com/jobs/553035/
Senior Software Developer (m/w/d) for Payment Terminals,Nets Group,"Eschborn, Germany",https://stackoverflow.com/jobs/557195/
Middleware C++ Software Engineer for Linux (f/m/x),BMW Group,"Ulm, Deutschland",https://stackoverflow.com/jobs/528145/
Backend Engineer,Passio Inc.,No office location,https://stackoverflow.com/jobs/555177/
Software Engineer - Build the next generation of AI platform,Signal AI,"London, UK",https://stackoverflow.com/jobs/246027/
DevOps Engineer - 100% Remote,Disy Informationssysteme GmbH,"Karlsruhe, Deutschland",https://stackoverflow.com/jobs/383260/
Senior Software Engineer - App Store APIs,Canonical,No office location,https://stackoverflow.com/jobs/551466/
Software Engineer (m/w/d) IoT – Schwerpunkt Stream Analytics,Schuler Pressen GmbH,"Göppingen, Deutschland",https://stackoverflow.com/jobs/562571/
Backend Engineer - Partner API,Runtastic,"Vienna, Austria",https://stackoverflow.com/jobs/507680/
Senior Full Stack Engineer at Leading Education Company,Tynker,No office location,https://stackoverflow.com/jobs/494562/
Senior Software Engineer,ZAIKO K.K.,"Minato City, Japan",https://stackoverflow.com/jobs/524414/
Senior Backend Engineer (Go),Bigblue,"Paris, France",https://stackoverflow.com/jobs/505290/
Software Allrounder (m/f/d),AnyDesk Software GmbH,"Stuttgart, Deutschland",https://stackoverflow.com/jobs/564248/
Hackers wanted - Software Engineers & Machine Learning Expert (m/f/d),freiheit.com technologies,"Hamburg, Deutschland",https://stackoverflow.com/jobs/165266/
Front-End Developer (i.e. React),Imaginary Cloud,No office location,https://stackoverflow.com/jobs/562558/
Senior Backend Developer - Paylater,Unzer GmbH,"Frankfurt, Germany",https://stackoverflow.com/jobs/536785/
C++ Software Developer (w/m/d) - Automotive Simulation - Munich / DE-remote,Paradox Cat GmbH,"München, Deutschland",https://stackoverflow.com/jobs/551302/
Front End Software Engineer – HPC Products,DUG Technology,"West Perth, Australia",https://stackoverflow.com/jobs/528137/
Principal (Founding) Software Engineer - RunX,Unusual Ventures,"San Francisco, CA",https://stackoverflow.com/jobs/486184/
Junior Frontend (TypeScript / React) Engineer (m/f/x),Alasco,"München, Germany",https://stackoverflow.com/jobs/559738/
Senior Backend Developer - Paylater,Unzer GmbH,"Frankfurt, Germany",https://stackoverflow.com/jobs/536785/
Senior Backend Engineer (Go),Bigblue,"Paris, France",https://stackoverflow.com/jobs/505290/
Software Allrounder (m/f/d),AnyDesk Software GmbH,"Stuttgart, Deutschland",https://stackoverflow.com/jobs/564248/
Hackers wanted - Software Engineers & Machine Learning Expert (m/f/d),freiheit.com technologies,"Hamburg, Deutschland",https://stackoverflow.com/jobs/165266/
Senior Software Engineer/SRE - Trading Analytics,Bloomberg LP,"London, UK",https://stackoverflow.com/jobs/551412/
Full-Stack Engineer - (Neo4j Aura),Neo4j,"London, UK",https://stackoverflow.com/jobs/435690/
Front-End Developer (i.e. React),Imaginary Cloud,No office location,https://stackoverflow.com/jobs/562558/
Senior Backend Developer,ReviewPro / ReviewRank,"Barcelona, Spain",https://stackoverflow.com/jobs/554865/
Site Reliability Engineer,Zattoo,"Berlin, Germany",https://stackoverflow.com/jobs/565748/
C++ Software Developer (w/m/d) - Automotive Simulation - Munich / DE-remote,Paradox Cat GmbH,"München, Deutschland",https://stackoverflow.com/jobs/551302/
Junior Frontend (TypeScript / React) Engineer (m/f/x),Alasco,"München, Germany",https://stackoverflow.com/jobs/559738/
SOFTWARE CRAFT(WO)MAN Java et/ou JS,Arolla,"Paris, France",https://stackoverflow.com/jobs/496545/
DevOps Engineer for PaymentIQ Team,Worldline,"Stockholm, Sweden",https://stackoverflow.com/jobs/558019/
DevOps Software Development Engineer,Esri,"Redlands, CA",https://stackoverflow.com/jobs/482704/
(Senior) Java Software Engineer | Gdansk,Dynatrace,"Gdańsk, Poland",https://stackoverflow.com/jobs/560068/
"Backend Software Engineer, Business Integrity",ByteDance,Singapore,https://stackoverflow.com/jobs/553036/
Hackers wanted - Site Reliability Engineer (m/f/d),freiheit.com technologies,"Hamburg, Deutschland",https://stackoverflow.com/jobs/514392/
Remote Software Engineer (Node.js) - Electriphi - EV Fleet & Energy Management,ElectriphiviaSource Coders,No office location,https://stackoverflow.com/jobs/565706/
C++ Software Engineer - Amsterdam,IMC Trading,"Amsterdam, Netherlands",https://stackoverflow.com/jobs/126614/
Staff Software Engineer,LULA,"Los Angeles, CA",https://stackoverflow.com/jobs/562580/
Backend Software Engineer - Trust and Safety Engineering,ByteDance,Singapore,https://stackoverflow.com/jobs/546396/
Senior Software Engineer,Avature,No office location,https://stackoverflow.com/jobs/565333/
Software Architect Lead,WeLab Bank Limited,Hong Kong,https://stackoverflow.com/jobs/565713/
Full Stack Developer,Common Code,No office location,https://stackoverflow.com/jobs/545907/
Backend Software Engineer,Contovista,"Schlieren, Switzerland",https://stackoverflow.com/jobs/536774/
Forensic Software/Web Developer (Entry and Mid Levels) - OCONUS Deployable,"Cipher Tech Solutions, Inc","Tampa, FL",https://stackoverflow.com/jobs/562286/
Kubernetes Administrator,CYBERTEC PostgreSQL International GmbH,No office location,https://stackoverflow.com/jobs/558995/
System Architect,Tucows,No office location,https://stackoverflow.com/jobs/560728/
Cloud Software Engineer (remote),Platform.sh,No office location,https://stackoverflow.com/jobs/493242/
CDI -  Senior Developper - Rennes,Steeple,"Rennes, France",https://stackoverflow.com/jobs/530505/
Full Stack Engineer,Zattoo,"Berlin, Germany",https://stackoverflow.com/jobs/565749/
Full Stack Web Developer (m/w/d),solute GmbH,No office location,https://stackoverflow.com/jobs/556141/
(Senior) Full-Stack Engineer (m/f/d) - SAP Business Process Intelligence,Signavio,"Berlin, Germany",https://stackoverflow.com/jobs/556120/
"Senior Software Engineer, Backend - Landscape",Canonical,No office location,https://stackoverflow.com/jobs/551337/
Hackers wanted - Software Engineer & Machine Learning Expert (m/f/d),freiheit.com technologies,"Lissabon, Portugal",https://stackoverflow.com/jobs/254089/
"Backend Engineer, Markets",TradeBlock,"New York, NY",https://stackoverflow.com/jobs/559193/
Senior Java Software Developer,Genesys,No office location,https://stackoverflow.com/jobs/547957/
Founding Software Engineer - Backend (Rasgo),Unusual Ventures,"Charlotte, NC",https://stackoverflow.com/jobs/485991/
"Senior Software Engineer, Backend",Jelli,"San Mateo, CA",https://stackoverflow.com/jobs/494587/
System Engineer,O'Reilly Auto Parts,No office location,https://stackoverflow.com/jobs/556562/
"Engineering Experience, Senior Software Engineer (Remote)",Hotjar,No office location,https://stackoverflow.com/jobs/528857/
"Engineering Manager, Full Stack - Cisco Meraki - Fully Remote or San Francisco",Cisco MerakiviaSource Coders,No office location,https://stackoverflow.com/jobs/565709/
"Backend Software Engineer, Video Infrastructure",ByteDance,Singapore,https://stackoverflow.com/jobs/547751/
Software Entwickler (m/w/d),NOVOMATIC AG,"Gumpoldskirchen, Österreich",https://stackoverflow.com/jobs/554829/
Software Engineer,Odoo,"Ciudad de México, Mexico",https://stackoverflow.com/jobs/472421/
"Full Stack Developer, Automation Engine",Elisa Polystar,"Helsinki, Finland",https://stackoverflow.com/jobs/558730/
Business Intelligence Engineer (all genders),asgoodasnew electronics GmbH,"Berlin, Deutschland",https://stackoverflow.com/jobs/565661/
Full-Stack Software Engineer,Strata Oncology,"Ann Arbor, MI",https://stackoverflow.com/jobs/371127/
C++ Software Engineer,"Old Mission Capital, LLC","Chicago, IL",https://stackoverflow.com/jobs/528806/
Web Engineer,Signal AI,"London, UK",https://stackoverflow.com/jobs/273615/
Hackers wanted - Software Engineer & Machine Learning Expert (m/f/d),freiheit.com technologies,"Lissabon, Portugal",https://stackoverflow.com/jobs/254089/
Senior Java Software Developer,Genesys,No office location,https://stackoverflow.com/jobs/547957/
Founding Software Engineer - Backend (Rasgo),Unusual Ventures,"Charlotte, NC",https://stackoverflow.com/jobs/485991/
"Senior Software Engineer, Backend",Jelli,"San Mateo, CA",https://stackoverflow.com/jobs/494587/
System Engineer,O'Reilly Auto Parts,No office location,https://stackoverflow.com/jobs/556562/
"Engineering Experience, Senior Software Engineer (Remote)",Hotjar,No office location,https://stackoverflow.com/jobs/528857/
"Engineering Manager, Full Stack - Cisco Meraki - Fully Remote or San Francisco",Cisco MerakiviaSource Coders,No office location,https://stackoverflow.com/jobs/565709/
"Backend Software Engineer, Video Infrastructure",ByteDance,Singapore,https://stackoverflow.com/jobs/547751/
Senior Software Developer In Test,Jelli,"San Mateo, CA",https://stackoverflow.com/jobs/510882/
Development Operations Engineer (DevSecOps),Cognitive Space,"Houston, TX",https://stackoverflow.com/jobs/561028/
Software Engineer,Odoo,"Ciudad de México, Mexico",https://stackoverflow.com/jobs/472421/
"Full Stack Developer, Automation Engine",Elisa Polystar,"Helsinki, Finland",https://stackoverflow.com/jobs/558730/
Software Engineer - Developer Experience,Catawiki,No office location,https://stackoverflow.com/jobs/527395/
Full-Stack Software Engineer,Strata Oncology,"Ann Arbor, MI",https://stackoverflow.com/jobs/371127/
C++ Software Engineer,"Old Mission Capital, LLC","Chicago, IL",https://stackoverflow.com/jobs/528806/
System Engineer (f/m/d) Kubernetes,ADITION technologies AG,"Freiburg im Breisgau, Deutschland",https://stackoverflow.com/jobs/525462/
"Backend Tech Lead, Customer Service Platform",ByteDance,Singapore,https://stackoverflow.com/jobs/546681/
Backend Engineer - Partner API,Runtastic,"Vienna, Austria",https://stackoverflow.com/jobs/507680/
Senior Software Engineer,The Orchard,"London, UK",https://stackoverflow.com/jobs/543310/
Senior Full Stack Engineer at Leading Education Company,Tynker,No office location,https://stackoverflow.com/jobs/494562/
Software Engineer,MITRE,"McLean, VA",https://stackoverflow.com/jobs/523956/
Senior Machine Learning Engineer - OPEN TO REMOTE,The RealReal,"San Francisco, CA",https://stackoverflow.com/jobs/557022/
(Senior) Android Software Developer - Munich,Paradox Cat GmbH,"München, Deutschland",https://stackoverflow.com/jobs/181583/
"Software Engineer, Site Reliability Engineering",Google,"San Bruno, CA",https://stackoverflow.com/jobs/561843/
LMAX Software Developer (Core Java),LMAX Group,"London, UK",https://stackoverflow.com/jobs/181651/
Java Software Engineer,IMC Trading,"Amsterdam, Netherlands",https://stackoverflow.com/jobs/122570/
Software Validation Engineer,Intel Corporation,"Gdańsk, Poland",https://stackoverflow.com/jobs/529939/
Senior Full-Stack Engineer with Node.js - Tradeshift Go,Tradeshift,"Bucharest, Romania",https://stackoverflow.com/jobs/526924/
Senior Software Engineer,The Orchard,"London, UK",https://stackoverflow.com/jobs/543310/
Senior Software Engineer,Avature,No office location,https://stackoverflow.com/jobs/565333/
Backend Software Engineer,Contovista,"Schlieren, Switzerland",https://stackoverflow.com/jobs/536774/
Full-stack / front-end / back-end -kehittäjiä luomaan älykkäitä kaupunkeja,Sitowise,"Espoo, Finland",https://stackoverflow.com/jobs/488336/
Site Reliability Engineer - Infrastructure Engineering,ByteDance,Singapore,https://stackoverflow.com/jobs/553810/
Senior Front End developer,Apicbase Belgium,No office location,https://stackoverflow.com/jobs/526988/
Kubernetes Administrator,CYBERTEC PostgreSQL International GmbH,No office location,https://stackoverflow.com/jobs/558995/
Mid level QA Engineer,Plotly Technologies Inc,No office location,https://stackoverflow.com/jobs/560730/
Backend Engineer - Tradeshift Engage,Tradeshift,"Aarhus, Denmark",https://stackoverflow.com/jobs/526909/
Software engineer (f/m/d) (Dipl./M.Sc./Ph.D.) in research data management,Helmholtz-Zentrum Berlin für Materialien und Energie GmbH,"Berlin, Deutschland",https://stackoverflow.com/jobs/560071/
Full Stack Developer,Catawiki,"Amsterdam, Netherlands",https://stackoverflow.com/jobs/551189/
Frontend Engineer (m/w/d),QuantCo,"Karlsruhe, Deutschland",https://stackoverflow.com/jobs/553014/
Full Stack Engineer,Zattoo,"Berlin, Germany",https://stackoverflow.com/jobs/565749/
Full-Stack Developer,OSL,Singapore,https://stackoverflow.com/jobs/495720/
"Senior Software Engineer, Backend",Jelli,"San Mateo, CA",https://stackoverflow.com/jobs/494587/
Site Reliability Engineer,Zattoo,"Berlin, Germany",https://stackoverflow.com/jobs/565748/
"Senior Developer for Cloud Technologies (Kafka, Flink, Terraform)",reeeliance IM GmbH,"Hamburg, Deutschland",https://stackoverflow.com/jobs/517848/
Software Engineer - Machine Learning,Shopee Singapore Private Limited,Singapore,https://stackoverflow.com/jobs/533808/
Fullstack Developer (m/w/d),German Edge Cloud GmbH & Co. KG,"Limburg an der Lahn, Deutschland",https://stackoverflow.com/jobs/539736/
DevOps Engineer for PaymentIQ Team,Worldline,"Stockholm, Sweden",https://stackoverflow.com/jobs/558019/
Senior Solutions Engineer - AWS,Capital Group,"Irvine, CA",https://stackoverflow.com/jobs/538629/
C++ Software Engineer - Amsterdam,IMC Trading,"Amsterdam, Netherlands",https://stackoverflow.com/jobs/126614/
Full Stack Developer,Catawiki,"Amsterdam, Netherlands",https://stackoverflow.com/jobs/551189/
Senior Front End developer,Apicbase Belgium,No office location,https://stackoverflow.com/jobs/526988/
Backend Software Engineer,Contovista,"Schlieren, Switzerland",https://stackoverflow.com/jobs/536774/
Software Engineer - DevOps,Esri,"Stuttgart, Germany",https://stackoverflow.com/jobs/528687/
Software Engineer Frontend/Fullstack - Media & Services Hub (m/f/d),HolidayCheck Group AG,"München, Deutschland",https://stackoverflow.com/jobs/559404/
Site Reliability Engineer - Infrastructure Engineering,ByteDance,Singapore,https://stackoverflow.com/jobs/553810/
Mid level QA Engineer,Plotly Technologies Inc,No office location,https://stackoverflow.com/jobs/560730/
(Senior) Backend Engineer (m/w/d) - Trufa,Deloitte Deutschland,"Düsseldorf, Deutschland",https://stackoverflow.com/jobs/545254/
Backend Engineer - Tradeshift Engage,Tradeshift,"Aarhus, Denmark",https://stackoverflow.com/jobs/526909/
Software engineer (f/m/d) (Dipl./M.Sc./Ph.D.) in research data management,Helmholtz-Zentrum Berlin für Materialien und Energie GmbH,"Berlin, Deutschland",https://stackoverflow.com/jobs/560071/
Frontend Engineer (m/w/d),QuantCo,"Karlsruhe, Deutschland",https://stackoverflow.com/jobs/553014/
System Engineer (m/w/d) Kubernetes/OpenShift,German Edge Cloud GmbH & Co. KG,"Limburg an der Lahn, Deutschland",https://stackoverflow.com/jobs/539732/
"Senior Software Engineer – AWS, NodeJS, Serverless",LifeOmic,"Indianapolis, IN",https://stackoverflow.com/jobs/519002/
Full-Stack Developer,OSL,Singapore,https://stackoverflow.com/jobs/495720/
Fullstack Developer (m/w/d),German Edge Cloud GmbH & Co. KG,"Limburg an der Lahn, Deutschland",https://stackoverflow.com/jobs/539736/
Senior Solutions Engineer - AWS,Capital Group,"Irvine, CA",https://stackoverflow.com/jobs/538629/
Software Engineer - Machine Learning,Shopee Singapore Private Limited,Singapore,https://stackoverflow.com/jobs/533808/
Site Reliability Engineer,Unzer GmbH,"Munich, Germany",https://stackoverflow.com/jobs/565663/
"Softwarearchitekt Digitale Signalverarbeitung, Software Defined Radio (m/w/d)",Rheinmetall,"Bremen, Deutschland",https://stackoverflow.com/jobs/560043/
Senior Software Engineer,Linewize by Family Zone,"Abbotsford, Australia",https://stackoverflow.com/jobs/551649/
Javascript Developer (React.js/Node.js),Imaginary Cloud,No office location,https://stackoverflow.com/jobs/565719/
(Senior) Backend Developer (f/m/d) Big Data,ADITION technologies AG,"Freiburg im Breisgau, Deutschland",https://stackoverflow.com/jobs/304655/
Software Engineer in Test,Esri,"Redlands, CA",https://stackoverflow.com/jobs/561053/
Full Stack Engineer,Odoo,"Buffalo, NY",https://stackoverflow.com/jobs/558069/
Back-End Software Engineer,HENNGE K.K.,"Tokyo, Japan",https://stackoverflow.com/jobs/380985/
Senior Software Engineer - Sales Intelligence,Bloomberg LP,"New York, NY",https://stackoverflow.com/jobs/523355/
Senior Software Engineer - tripleup.com,Triple for Numo,"Pittsburgh, PA",https://stackoverflow.com/jobs/545291/
"Software Engineer (Go, K8s)",Appvia,"London, UK",https://stackoverflow.com/jobs/524734/
Full Stack Engineer,Odoo,"San Francisco, CA",https://stackoverflow.com/jobs/524056/
Site Reliability Engineer,Unzer GmbH,"Munich, Germany",https://stackoverflow.com/jobs/565663/
Backend Engineer - Tradeshift Engage,Tradeshift,"Aarhus, Denmark",https://stackoverflow.com/jobs/526909/
Software engineer (f/m/d) (Dipl./M.Sc./Ph.D.) in research data management,Helmholtz-Zentrum Berlin für Materialien und Energie GmbH,"Berlin, Deutschland",https://stackoverflow.com/jobs/560071/
Senior Software Engineer (Backend),VIZIO,"Denver, CO",https://stackoverflow.com/jobs/538648/
Technical Support Engineer,Odoo,"San Francisco, CA",https://stackoverflow.com/jobs/558070/
Senior Flink/Druid Software Engineer,Genesys,No office location,https://stackoverflow.com/jobs/547941/
Sr. Software Engineer - PHP - Contractor,DIGARC,No office location,https://stackoverflow.com/jobs/521882/
Senior Backend Engineer,Omnivore Technologies,No office location,https://stackoverflow.com/jobs/558774/
Senior Frontend (TypeScript / React) Engineer (m/f/x),Alasco,"München, Germany",https://stackoverflow.com/jobs/559739/
Research Scientist with focus on Interventional Ultrasound (f/m/x),ImFusion GmbH,"München, Deutschland",https://stackoverflow.com/jobs/562664/
Senior Software Engineer - Data Lake,Mimecast,"London, UK",https://stackoverflow.com/jobs/558739/
Full Stack Engineer,Odoo,"Buffalo, NY",https://stackoverflow.com/jobs/558069/
(Senior) Frontend Engineer (m/w/d) - Trufa,Deloitte Deutschland,"Düsseldorf, Deutschland",https://stackoverflow.com/jobs/533749/
Senior Software Engineer - Cloud Engineering,Canonical,No office location,https://stackoverflow.com/jobs/535495/
Development Operations Engineer (DevSecOps),Cognitive Space,"Houston, TX",https://stackoverflow.com/jobs/561028/
*REMOTE* Lead (Senior) Kotlin & Java Engineer (m/f/x) High-Load Search-Engine,"AVANTGARDE - ""Creating Fans""",No office location,https://stackoverflow.com/jobs/529656/
Développeur Elm/Typescript React/Angular (F/H),Thegreendata,"Paris, France",https://stackoverflow.com/jobs/528472/
Experienced Software Engineer,Outschool,No office location,https://stackoverflow.com/jobs/550915/
Software Engineer Frontend/Fullstack - Media & Services Hub (m/f/d),HolidayCheck Group AG,"München, Deutschland",https://stackoverflow.com/jobs/559404/
"Senior Support & Software Engineer, Tokyo (Remote)",Canonical,No office location,https://stackoverflow.com/jobs/534042/
Software Engineer (App team) - Exponea,Bloomreach,No office location,https://stackoverflow.com/jobs/525008/
Senior C++ Software Design Engineer - Machine Control,ASML,"Veldhoven, Netherlands",https://stackoverflow.com/jobs/561805/
DevOps Engineer (Remote),Eterlast,"Barcelona, Spain",https://stackoverflow.com/jobs/563090/
Senior Software Engineer - Cloud Engineering,Canonical,No office location,https://stackoverflow.com/jobs/535495/
Development Operations Engineer (DevSecOps),Cognitive Space,"Houston, TX",https://stackoverflow.com/jobs/561028/
*REMOTE* Lead (Senior) Kotlin & Java Engineer (m/f/x) High-Load Search-Engine,"AVANTGARDE - ""Creating Fans""",No office location,https://stackoverflow.com/jobs/529656/
Senior Backend Engineer,Pollen,"London, UK",https://stackoverflow.com/jobs/522622/
Backend Engineer - Commerce Platform (Remote Eligible EMEA),Spotify,No office location,https://stackoverflow.com/jobs/550392/
"Software Engineering, Analyst",MUFG,"Charlotte, NC",https://stackoverflow.com/jobs/559440/
Développeur Elm/Typescript React/Angular (F/H),Thegreendata,"Paris, France",https://stackoverflow.com/jobs/528472/
Experienced Software Engineer,Outschool,No office location,https://stackoverflow.com/jobs/550915/
Staff Software Engineer C++ focus Intelligent Data Aggregation (m/f/d),CARIAD,"Wolfsburg, Germany",https://stackoverflow.com/jobs/547934/
"Senior Support & Software Engineer, Tokyo (Remote)",Canonical,No office location,https://stackoverflow.com/jobs/534042/
Software Engineer,Singapore Innovate Pte. Ltd,Singapore,https://stackoverflow.com/jobs/565263/
"Senior Software Engineer, Javascript",Versus Systems,No office location,https://stackoverflow.com/jobs/556182/
Site Reliability Engineer (m/w/d),Sthree GmbH VIA Computer Futures Solutions GmbHviaComputer Futures Solutions GmbH,"Berlin, Deutschland",https://stackoverflow.com/jobs/525263/
Software Engineer - SRE,Shopee Singapore Private Limited,Singapore,https://stackoverflow.com/jobs/533809/
Senior Software Engineer / Ruby or Elixir/ Remote,The RealReal,No office location,https://stackoverflow.com/jobs/522850/
Software Engineer,Codethink,"Manchester, UK",https://stackoverflow.com/jobs/556322/
Vacancy: Software Designer,Topic Embedded Systems B.V.,"Best, Netherlands",https://stackoverflow.com/jobs/562656/
Lead Software Engineer,Huxley Banking & Financial ServicesviaHuxley (US),"Boston, MA",https://stackoverflow.com/jobs/525730/
Senior Site Reliability Engineer (SRE),Assurance,"Fort Lauderdale, FL",https://stackoverflow.com/jobs/565728/
Full Stack Developer,Cognitive Space,"Houston, TX",https://stackoverflow.com/jobs/561029/
"Senior Software Engineer, Trust, Education",Chan Zuckerberg Initiative,"Redwood City, CA",https://stackoverflow.com/jobs/537679/
Teamlead Software Engineering (m/w/d) Java,PAYBACK,"München, Deutschland",https://stackoverflow.com/jobs/557598/
Senior Data Engineer - Recommendations (f/m/d),Delivery Hero SE,"Berlin, Germany",https://stackoverflow.com/jobs/560696/
Software Engineer @ Enveil,Enveil,"Fulton, MD",https://stackoverflow.com/jobs/166432/
Software Engineer Frontend/Fullstack - Media & Services Hub (m/f/d),HolidayCheck Group AG,"München, Deutschland",https://stackoverflow.com/jobs/559404/
"Senior Support & Software Engineer, Tokyo (Remote)",Canonical,No office location,https://stackoverflow.com/jobs/534042/
Software Engineer (App team) - Exponea,Bloomreach,No office location,https://stackoverflow.com/jobs/525008/
Software Engineer,Singapore Innovate Pte. Ltd,Singapore,https://stackoverflow.com/jobs/565263/
Business Intelligence Analyst (f/m/x),Cosuno,"Berlin, Germany",https://stackoverflow.com/jobs/520303/
"Senior Software Engineer – AWS, NodeJS, Serverless",LifeOmic,"Indianapolis, IN",https://stackoverflow.com/jobs/519002/
Data Engineer for Insurtech Startup,iptiQ by Swiss Re,"Hoofddorp, Netherlands",https://stackoverflow.com/jobs/471200/
Praktikant (m/w/d) Data Analytics,ING Deutschland,"Frankfurt am Main, Deutschland",https://stackoverflow.com/jobs/556419/
"DevOps Engineer, Cloud Data Warehouse",ByteDance,Singapore,https://stackoverflow.com/jobs/550284/
Application Support Engineer,Derivco.,"Málaga, Spain",https://stackoverflow.com/jobs/565319/
"Senior Manager of Software Engineering, Data Platform (Remote Eligible)",Flyr Inc,"Los Angeles, CA",https://stackoverflow.com/jobs/530715/
Senior Software Engineer - Omni-Channel Communications,Assurance,No office location,https://stackoverflow.com/jobs/565727/
Test Process and Module Engineer (Platform),Intel Corporation,"George Town, Malaysia",https://stackoverflow.com/jobs/552555/
Vacancy: Software Designer,Topic Embedded Systems B.V.,"Best, Netherlands",https://stackoverflow.com/jobs/562656/
Full Stack Developer,Cognitive Space,"Houston, TX",https://stackoverflow.com/jobs/561029/
"Softwarearchitekt Digitale Signalverarbeitung, Software Defined Radio (m/w/d)",Rheinmetall,"Bremen, Deutschland",https://stackoverflow.com/jobs/560043/
Javascript Developer (React.js/Node.js),Imaginary Cloud,No office location,https://stackoverflow.com/jobs/565719/
Lead Java/Big Data Software Developer,Genesys,No office location,https://stackoverflow.com/jobs/552044/
Senior DevOps Engineer (Remote),Slido,No office location,https://stackoverflow.com/jobs/519933/
Software Developer PowerDNS (Golang) - Full or Part Time,Open-Xchange GmbH,No office location,https://stackoverflow.com/jobs/559640/
Full Stack Software Engineer,Samotics,"Leiden, Netherlands",https://stackoverflow.com/jobs/516831/
Software Engineer (HVM),Intel Corporation,"Kulim, Malaysia",https://stackoverflow.com/jobs/538188/
(Senior) Backend Developer (f/m/d) Big Data,ADITION technologies AG,"Freiburg im Breisgau, Deutschland",https://stackoverflow.com/jobs/304655/
Data Engineer,CGI Suomi,"Helsinki, Finland",https://stackoverflow.com/jobs/559232/
2022 Software Engineer - London,Bloomberg LP,"London, UK",https://stackoverflow.com/jobs/559040/
Software Developer and Problem Solver,Limelyte Technology Group,"Spokane, WA",https://stackoverflow.com/jobs/565751/
Teamlead Software Engineering (m/w/d) Java,PAYBACK,"München, Deutschland",https://stackoverflow.com/jobs/557598/
Senior Data Engineer - Recommendations (f/m/d),Delivery Hero SE,"Berlin, Germany",https://stackoverflow.com/jobs/560696/
Software Developer (künstliche Intelligenz) - für E-Commerce Agentur in Bremen,hmmh multimediahaus AG,No office location,https://stackoverflow.com/jobs/529059/
Vacancy: Software Designer,Topic Embedded Systems B.V.,"Best, Netherlands",https://stackoverflow.com/jobs/562656/
"Backend Tech Lead, Customer Service Platform",ByteDance,Singapore,https://stackoverflow.com/jobs/553813/
Senior Software Engineer | Cryptocurrency trading | C++/Rust,BlockTech,"Amsterdam, Netherlands",https://stackoverflow.com/jobs/501179/
Data Engineer,CGI Suomi,"Helsinki, Finland",https://stackoverflow.com/jobs/559232/
Software Engineer,ASRC Federal,"Moorestown, NJ",https://stackoverflow.com/jobs/501183/
Staff Product Engineer - OPC,ASML,"San Jose, CA",https://stackoverflow.com/jobs/517400/
Software Engineer,Google,"Haifa, Israel",https://stackoverflow.com/jobs/561840/
"Testing Software Engineer, TikTok e-Commerce",ByteDance,Singapore,https://stackoverflow.com/jobs/533132/
Polyglot Developer (m/f/d),Acrolinx,No office location,https://stackoverflow.com/jobs/514401/
Cloud Engineer Linux,team.blue NL B.V.,"Rotterdam, Netherlands",https://stackoverflow.com/jobs/523426/
DevOps / Site Reliability Engineer (APAC timezone / remote),Platform.sh,No office location,https://stackoverflow.com/jobs/559924/
Senior Software Engineer,Stardog Union,No office location,https://stackoverflow.com/jobs/521448/
Senior Machine Learning Engineer,Duolingo Inc,"New York, NY",https://stackoverflow.com/jobs/522619/
Cloud Software Engineer,Intel Corporation,"Gdańsk, Poland",https://stackoverflow.com/jobs/529942/
Staff Machine Learning Engineer - REMOTE,The RealReal,"San Francisco, CA",https://stackoverflow.com/jobs/552039/
Senior QA Automation Engineer,Alfi Inc.,"Denver, CO",https://stackoverflow.com/jobs/520178/
Full Stack Engineer,Odoo,"San Francisco, CA",https://stackoverflow.com/jobs/524056/
Software Engineer - Infrastructure,Chorus One,No office location,https://stackoverflow.com/jobs/552285/
"Software Engineer (Go, K8s)",Appvia,"London, UK",https://stackoverflow.com/jobs/524734/
Senior Front End Engineer,Citizen,No office location,https://stackoverflow.com/jobs/561575/
Software Test Automation Specialist (m/w/x),ZEISS Group,"München, Deutschland",https://stackoverflow.com/jobs/541069/
Senior DevOps Engineer,Tradeshift,"Bucharest, Romania",https://stackoverflow.com/jobs/526929/
Site Reliability Engineer (Applied Machine Learning),ByteDance,Singapore,https://stackoverflow.com/jobs/553811/
QA Tester,Self Decode,No office location,https://stackoverflow.com/jobs/561041/
Senior Software Engineer - Data Lake,Mimecast,"London, UK",https://stackoverflow.com/jobs/558739/
Software Engineer,Google,"Haifa, Israel",https://stackoverflow.com/jobs/561840/
Software Systems Engineer (80%-100%),Open Systems AG,"Zürich, Switzerland",https://stackoverflow.com/jobs/550751/
"Testing Software Engineer, TikTok e-Commerce",ByteDance,Singapore,https://stackoverflow.com/jobs/533132/
Senior Software Engineer,Intel Corporation,"Bengaluru, India",https://stackoverflow.com/jobs/539300/
Senior Software Engineer,Administrate,No office location,https://stackoverflow.com/jobs/522941/
Backend Engineer (m/f/d),Relayr,"Katowice, Poland",https://stackoverflow.com/jobs/551592/
*REMOTE* Lead (Senior) Kotlin & Java Engineer (m/f/x) High-Load Search-Engine,"AVANTGARDE - ""Creating Fans""",No office location,https://stackoverflow.com/jobs/529656/
Senior React Developer | Contractor | Remote,Copado Strategic Services,No office location,https://stackoverflow.com/jobs/545086/
Staff Software Engineer,Bloomreach,No office location,https://stackoverflow.com/jobs/544544/
Softwareentwickler Testautomatisierung (m/w/d),DIAMOS AG,"Sulzbach (Taunus), Deutschland",https://stackoverflow.com/jobs/558409/
Backend Engineer - Commerce Platform (Remote Eligible EMEA),Spotify,No office location,https://stackoverflow.com/jobs/550392/
Senior Data Engineer E-Commerce (m/w/d),Peek & Cloppenburg,"Düsseldorf, Germany",https://stackoverflow.com/jobs/565672/
Cloud Software Developer,Intel Corporation,"Guadalajara, Mexico",https://stackoverflow.com/jobs/557644/
"Senior Support & Software Engineer, Tokyo (Remote)",Canonical,No office location,https://stackoverflow.com/jobs/534042/
Data Engineer 80-100% (f/m/d),Alpiq,"Olten, Switzerland",https://stackoverflow.com/jobs/545476/
Software Developer,SUSE,No office location,https://stackoverflow.com/jobs/558030/
Software Engineer,Singapore Innovate Pte. Ltd,Singapore,https://stackoverflow.com/jobs/565263/
Senior Test Automation Engineer (f/m/d),Evotec SE,"Göttingen, Germany",https://stackoverflow.com/jobs/561035/
Software Development Engineer in Test,Intel Corporation,"Bengaluru, India",https://stackoverflow.com/jobs/539336/
TechOps Engineer - Mid/Senior,Plotly Technologies Inc,No office location,https://stackoverflow.com/jobs/560732/
PhD IT: Anwendungsorientierte Quantencomputer-Algorithmen-/Softwareentwicklung,Deutsches Zentrum für Luft- und Raumfahrt e.V.,"Köln, Deutschland",https://stackoverflow.com/jobs/561571/
Cloud Native Senior Software Engineer,Intel Corporation,"Dublin, Ireland",https://stackoverflow.com/jobs/548771/
Ethernet Technologies RDMA Software Applications Engineer,Intel Corporation,"Austin, TX",https://stackoverflow.com/jobs/530201/
Software Engineer (HVM),Intel Corporation,"Kulim, Malaysia",https://stackoverflow.com/jobs/538188/
Process Engineering Graduate Intern,Intel Corporation,"Albuquerque, NM",https://stackoverflow.com/jobs/531835/
Process Engineering Graduate Intern,Intel Corporation,"Albuquerque, NM",https://stackoverflow.com/jobs/531834/
Senior Analytics Engineer,VIOOH,"London, UK",https://stackoverflow.com/jobs/562405/
Infrastructure Engineer / Cloud Engineer (m/f/d),Omnevo GmbH,"Wiesbaden, Deutschland",https://stackoverflow.com/jobs/559761/
Senior Backend Engineer – Royalties and Reporting (Remote Eligible - EMEA),Spotify,No office location,https://stackoverflow.com/jobs/550869/
"Software Engineer, IoT Manufacturing (m/f/d)",tado GmbH,"München, Deutschland",https://stackoverflow.com/jobs/560707/
Product Owner als Entwicklungsredakteur (m/w/d),ZEIT Verlagsgruppe,"Berlin, Deutschland",https://stackoverflow.com/jobs/562662/
Senior ML Engineer,Amaris.AI,Singapore,https://stackoverflow.com/jobs/533811/
Mobile APP Developers - Leading Electronics Company,Pyronix,"Doncaster, UK",https://stackoverflow.com/jobs/524940/
Applications Developer,ASRC Federal,"Moorestown, NJ",https://stackoverflow.com/jobs/500819/
Staff Software Engineer - Windows,Thycotic,No office location,https://stackoverflow.com/jobs/559033/
"Senior Software Engineer, Embedded Systems (m/f/d)",tado GmbH,"München, Deutschland",https://stackoverflow.com/jobs/560708/
Software Development Engineer in Test,"ESO Solutions, Inc.","Belfast, UK",https://stackoverflow.com/jobs/528503/
Entwickler/in: lernbasierte Simulationsverfahren für robotische E-Fahrzeuge,Deutsches Zentrum für Luft- und Raumfahrt e.V.,"Weßling, Deutschland",https://stackoverflow.com/jobs/561567/
Devops Engineer - Infrastructure Engineering,ByteDance,Singapore,https://stackoverflow.com/jobs/553812/
C++ Expert,Codethink,"Manchester, UK",https://stackoverflow.com/jobs/556326/
Software Engineer,Marbis GmbHviaComputer Futures Solutions GmbH,"Karlsruhe, Deutschland",https://stackoverflow.com/jobs/525397/
Qt C++ SDK Software Development Engineer,Esri,"Redlands, CA",https://stackoverflow.com/jobs/561049/
"Staff Software Engineer, YouTube",Google,"San Bruno, CA",https://stackoverflow.com/jobs/561839/
Android-Entwickler (m/w/d) Infotainment,e.solutions GmbH,"Erlangen, Deutschland",https://stackoverflow.com/jobs/561275/
(Junior) Consultant (m/w/d) - IT Implementierungsspezialist / Global Employer Se,Deloitte Deutschland,"Düsseldorf, Deutschland",https://stackoverflow.com/jobs/556992/
DevOps Engineer for Infobip,OpenMarket,"Guadalajara, Mexico",https://stackoverflow.com/jobs/532947/
Staff Software Engineer - Windows,Thycotic,No office location,https://stackoverflow.com/jobs/559033/
"Senior Support & Software Engineer, NY Metro Area (AMERICAS)",Canonical,No office location,https://stackoverflow.com/jobs/534711/
Data Engineer,Hubs,"Amsterdam, Netherlands",https://stackoverflow.com/jobs/558873/
Backend Engineer,Akselos S.A.,"Lausanne, Switzerland",https://stackoverflow.com/jobs/519931/
Data Architect mit einem Flair für AI,ti&m AG,"Zürich, Schweiz",https://stackoverflow.com/jobs/522399/
(senior) Software Engineer C#,Topic Embedded Systems B.V.,"Best, Netherlands",https://stackoverflow.com/jobs/555741/
Tech-lead multi-langages (Francophone),enioka Haute Couture,"Paris, France",https://stackoverflow.com/jobs/495719/
Softwareentwickler* – Securityfunktionen,IAV GmbH,"Berlin, Deutschland",https://stackoverflow.com/jobs/562569/
"Site Reliability Engineer, Recommendation Architecture",ByteDance,Singapore,https://stackoverflow.com/jobs/553104/
McCloud HPC Expert,DUG Technology,"West Perth, Australia",https://stackoverflow.com/jobs/396027/
QA Tester,Self Decode,No office location,https://stackoverflow.com/jobs/561041/
Senior DevOps Platform Engineer,Blinks Labs GmbH,"Berlin, Germany",https://stackoverflow.com/jobs/565687/
Data Engineer,Coda Payments,No office location,https://stackoverflow.com/jobs/557317/
Software Engineering Manager - (Salesforce Tech Team) (f/m/d),Delivery Hero SE,"Berlin, Germany",https://stackoverflow.com/jobs/560699/
Senior Software Engineer,Intel Corporation,"Bengaluru, India",https://stackoverflow.com/jobs/539300/
Field Software Engineer - EMEA,Canonical,No office location,https://stackoverflow.com/jobs/501791/
Software Engineer - Silicon Product Design,Intel Corporation,"Hillsboro, OR",https://stackoverflow.com/jobs/530198/
Scientific Staff for HPC Application Support,Forschungszentrum Jülich GmbH,"Jülich, Deutschland",https://stackoverflow.com/jobs/561454/
Senior React Developer | Contractor | Remote,Copado Strategic Services,No office location,https://stackoverflow.com/jobs/545086/
"Senior Data Engineer, Education",Chan Zuckerberg Initiative,"Redwood City, CA",https://stackoverflow.com/jobs/565328/
Data Engineer 80-100% (f/m/d),Alpiq,"Olten, Switzerland",https://stackoverflow.com/jobs/545476/
Senior Software Development Engineer in Test (SDET),Creative Assembly,"Horsham, UK",https://stackoverflow.com/jobs/513451/
Senior Kafka Messaging Software Engineer,Genesys,No office location,https://stackoverflow.com/jobs/547923/
Software Test Automation Specialist (m/w/x),ZEISS Group,"München, Deutschland",https://stackoverflow.com/jobs/541069/
Senior DevOps Engineer Consultant |  Full-time or Contract | Remote,Copado Strategic Services,No office location,https://stackoverflow.com/jobs/517961/
Cloud Automation Engineer (m/w/d),Mimacom,"Stuttgart, Deutschland",https://stackoverflow.com/jobs/551994/
"Go Software Engineer, Commercial Systems",Canonical,No office location,https://stackoverflow.com/jobs/561428/
Senior/Mid Data Engineer - California or Full Remote,FieldLevel,"Solana Beach, CA",https://stackoverflow.com/jobs/533161/
"DevOps Engineer für Softwareentwicklung, z. B. Informatiker (w/m/d)",emsys grid services GmbH,"Oldenburg, Deutschland",https://stackoverflow.com/jobs/565260/
Product Owner als Entwicklungsredakteur (m/w/d),ZEIT Verlagsgruppe,"Berlin, Deutschland",https://stackoverflow.com/jobs/562662/
Informatiker/in / Systemintegrator/in (w/m/d) in der genetischen Diagnostik und,Universitätsklinikum Köln (AöR),"Köln, Deutschland",https://stackoverflow.com/jobs/562412/
DevOps Engineer,Picnic,"Amsterdam, Netherlands",https://stackoverflow.com/jobs/166839/
Network Software Engineer,Intel Corporation,"Austin, TX",https://stackoverflow.com/jobs/530203/
2022 Software Engineer - London,Bloomberg LP,"London, UK",https://stackoverflow.com/jobs/559040/
Operations Engineer / Linux Administrator (m/f/d),AnyDesk Software GmbH,"Stuttgart, Deutschland",https://stackoverflow.com/jobs/565597/
Software Engineer,MUFG,"Charlotte, NC",https://stackoverflow.com/jobs/559421/
Software Engineer - Docker Images & Community,Canonical,No office location,https://stackoverflow.com/jobs/534266/
DevOps Engineer (m/w/d),solute GmbH,"Karlsruhe, Deutschland",https://stackoverflow.com/jobs/556140/
Software Engineer - Robotics (m/f/d),Motius GmbH,"München, Deutschland",https://stackoverflow.com/jobs/545488/
Staff Software Engineer - Windows,Thycotic,No office location,https://stackoverflow.com/jobs/559033/
"Site Reliability Engineer, Video Infrastructure",ByteDance,Singapore,https://stackoverflow.com/jobs/547753/
Test Automation Engineer,AE nv/sa,"Dilbeek, Belgium",https://stackoverflow.com/jobs/525138/
QA Lead,Zyte (formerly Scrapinghub),No office location,https://stackoverflow.com/jobs/555467/
Softwareentwickler C++ (m/w/d) Prüfstandsautomatisierung,APL Automobil-Prüftechnik Landau GmbH,"Landau in der Pfalz, Deutschland",https://stackoverflow.com/jobs/526623/
Senior Site Reliability Engineer - Core Team,Assurance,No office location,https://stackoverflow.com/jobs/565724/
Cloud Software Engineer,Intel Corporation,"Hillsboro, OR",https://stackoverflow.com/jobs/530195/
Tech-lead multi-langages (Francophone),enioka Haute Couture,"Paris, France",https://stackoverflow.com/jobs/495719/
Softwareentwickler* – Securityfunktionen,IAV GmbH,"Berlin, Deutschland",https://stackoverflow.com/jobs/562569/
Cloud Field Engineer - Americas,Canonical,No office location,https://stackoverflow.com/jobs/562669/
C++ Software development engineer,ASML,"Shenzhen, China",https://stackoverflow.com/jobs/465912/
Senior React Developer | Contractor | Remote,Copado Strategic Services,No office location,https://stackoverflow.com/jobs/545086/
IT Service Management Practitioner,MITRE,"McLean, VA",https://stackoverflow.com/jobs/515350/
Data Engineer 80-100% (f/m/d),Alpiq,"Olten, Switzerland",https://stackoverflow.com/jobs/545476/
Senior Software Development Engineer in Test (SDET),Creative Assembly,"Horsham, UK",https://stackoverflow.com/jobs/513451/
Senior Kafka Messaging Software Engineer,Genesys,No office location,https://stackoverflow.com/jobs/547923/
Software Test Automation Specialist (m/w/x),ZEISS Group,"München, Deutschland",https://stackoverflow.com/jobs/541069/
DevOps Engineer (m/w/d) | The Garage,Deloitte Deutschland,"Düsseldorf, Deutschland",https://stackoverflow.com/jobs/545252/
Cloud Support Engineer (EMEA - Remote),Platform.sh,No office location,https://stackoverflow.com/jobs/557004/
Software Engineer Cloud DevOps - IaC,Samotics,"Leiden, Netherlands",https://stackoverflow.com/jobs/519033/
"Software Engineer, Security (Remote)",Hotjar,No office location,https://stackoverflow.com/jobs/544779/
"Tech Lead, Data Infrastructure",McD Tech Labs,"Mountain View, CA",https://stackoverflow.com/jobs/523800/
TypeScript Developer,Remote Crew LDA,No office location,https://stackoverflow.com/jobs/562579/
Senior DevOps Practitioner,MITRE,"McLean, VA",https://stackoverflow.com/jobs/514496/
Software Engineer II,"Comscore, Inc.","Portland, OR",https://stackoverflow.com/jobs/556548/
Software Engineer - Cloud Images,Canonical,No office location,https://stackoverflow.com/jobs/454599/
Machine Learning Software Engineer,L3Harris,"Tewkesbury, UK",https://stackoverflow.com/jobs/553462/
Mobile APP Developers - Leading Electronics Company,Pyronix,"Doncaster, UK",https://stackoverflow.com/jobs/524940/
"Cloud Operations Engineer, EMEA",Canonical,No office location,https://stackoverflow.com/jobs/522546/
Data Engineer,Common Code,"Melbourne, Australia",https://stackoverflow.com/jobs/554797/
"Tech Lead, Machine Learning Evaluation",McD Tech Labs,"Mountain View, CA",https://stackoverflow.com/jobs/523812/
Site Reliability Engineer,TradeBlock,"New York, NY",https://stackoverflow.com/jobs/559194/
JR0178225 OpenIPC Senior Software Engineer,Intel Corporation,"Hillsboro, OR",https://stackoverflow.com/jobs/542196/
Ethernet Technologies RDMA Software Applications Engineer,Intel Corporation,"Austin, TX",https://stackoverflow.com/jobs/530201/
Linux Developer Experience Lead,Canonical,No office location,https://stackoverflow.com/jobs/565542/
PhD IT: Anwendungsorientierte Quantencomputer-Algorithmen-/Softwareentwicklung,Deutsches Zentrum für Luft- und Raumfahrt e.V.,"Köln, Deutschland",https://stackoverflow.com/jobs/561571/
"DevOps Engineer, Cloud Data Warehouse",ByteDance,Singapore,https://stackoverflow.com/jobs/550284/
"Data Scientist, Performance Media","Horizon Media Holdings, Inc",No office location,https://stackoverflow.com/jobs/561829/
Senior Software Engineer - Omni-Channel Communications,Assurance,No office location,https://stackoverflow.com/jobs/565727/
DevOps / System Engineer - (f/m/d),Delivery Hero SE,"Berlin, Germany",https://stackoverflow.com/jobs/560698/
Test Process and Module Engineer (Platform),Intel Corporation,"George Town, Malaysia",https://stackoverflow.com/jobs/552555/
Analytics Engineer,Slido,"Bratislava, Slovakia",https://stackoverflow.com/jobs/555451/
Embedded Software Development Engineer,Baker Hughes,"Groby, UK",https://stackoverflow.com/jobs/560598/
Open source stack software engineering lead,Canonical,No office location,https://stackoverflow.com/jobs/564537/
DevOps Engineer @ Nozomi Networks,Nozomi Networks,"Mendrisio, Switzerland",https://stackoverflow.com/jobs/555314/
Automotive Security Engineer (m/w/d),Method Park,"Erlangen, Deutschland",https://stackoverflow.com/jobs/558406/
Site Reliability Engineer- ArcGIS Online,Esri,"Redlands, CA",https://stackoverflow.com/jobs/552702/
Data Analytics Engineer,Huxley Banking & Financial ServicesviaHuxley (US),"Boston, MA",https://stackoverflow.com/jobs/524158/
Engineering Manager,Gorgias,No office location,https://stackoverflow.com/jobs/560110/
Senior Analytics Engineer,VIOOH,"London, UK",https://stackoverflow.com/jobs/562405/
Data Engineer,Huxley Banking & Financial ServicesviaHuxley (US),"Chicago, IL",https://stackoverflow.com/jobs/525601/
Infrastructure Engineer / Cloud Engineer (m/f/d),Omnevo GmbH,"Wiesbaden, Deutschland",https://stackoverflow.com/jobs/559761/
Leitende Softwareentwicklerin oder leitender Softwareentwickler (w/m/d),Deutsches Zentrum für Luft- und Raumfahrt e. V. (DLR),"Weßling, Deutschland",https://stackoverflow.com/jobs/560835/
Senior ML Engineer,Amaris.AI,Singapore,https://stackoverflow.com/jobs/533811/
Data Engineer,CGI Suomi,"Helsinki, Finland",https://stackoverflow.com/jobs/559232/
Intermediate Observability Engineer,Derivco.,"Umhlanga, South Africa",https://stackoverflow.com/jobs/528647/
(Senior) Data Scientist (m/w/d),AIMviaComputer Futures Solutions GmbH,"Hanover, Germany",https://stackoverflow.com/jobs/530933/
Software Engineer - SDVI DevOps,SDVI,No office location,https://stackoverflow.com/jobs/451626/
"Data Architect, Data Platform",Flyr Inc,"Los Angeles, CA",https://stackoverflow.com/jobs/529117/
Full Stack Developer,BOTS by RevenYOU,"Haarlem, Netherlands",https://stackoverflow.com/jobs/533368/
Entwickler/in: lernbasierte Simulationsverfahren für robotische E-Fahrzeuge,Deutsches Zentrum für Luft- und Raumfahrt e.V.,"Weßling, Deutschland",https://stackoverflow.com/jobs/561567/
Informatiker/in / Systemintegrator/in (w/m/d) in der genetischen Diagnostik und,Universitätsklinikum Köln (AöR),"Köln, Deutschland",https://stackoverflow.com/jobs/562412/
C Embedded Engineer,SQUAD,"Kyiv, Ukraine",https://stackoverflow.com/jobs/516403/
Linux Networking specialist (m/f/x) - remote or on-site,Hetzner Cloud GmbH,"Unterföhring, Deutschland",https://stackoverflow.com/jobs/224179/
Cloud Data Engineer (m/w/d),Generali AG,"Aachen, Deutschland",https://stackoverflow.com/jobs/559926/
"Software Engineer, AVP",MUFG,"Charlotte, NC",https://stackoverflow.com/jobs/559429/
Test Engineer Connected Car (m/w/d),Pixida GmbH,"München, Deutschland",https://stackoverflow.com/jobs/564480/
Praktikant (m/w/d) Data Analytics,ING Deutschland,"Frankfurt am Main, Deutschland",https://stackoverflow.com/jobs/556419/
Android-Entwickler (m/w/d) Infotainment,e.solutions GmbH,"Erlangen, Deutschland",https://stackoverflow.com/jobs/561275/
Data Analyst: (Hochschulabsolventen willkommen),Goldbach Group AG,"Küsnacht, Switzerland",https://stackoverflow.com/jobs/558742/
"DevOps Engineer, Cloud Data Warehouse",ByteDance,Singapore,https://stackoverflow.com/jobs/550284/
Principal Engineer - Omni-Channel Communications,Assurance,No office location,https://stackoverflow.com/jobs/565725/
Senior Software Engineer - Omni-Channel Communications,Assurance,No office location,https://stackoverflow.com/jobs/565727/
Test Process and Module Engineer (Platform),Intel Corporation,"George Town, Malaysia",https://stackoverflow.com/jobs/552555/
Analytics Engineer,Slido,"Bratislava, Slovakia",https://stackoverflow.com/jobs/555451/
Data Analytics Engineer,Huxley Banking & Financial ServicesviaHuxley (US),"Boston, MA",https://stackoverflow.com/jobs/524158/
Lead Infrastructure Engineer,Huxley Banking & Financial ServicesviaHuxley (US),"New York, NY",https://stackoverflow.com/jobs/525771/
Softwareentwickler* – Securityfunktionen,IAV GmbH,"Berlin, Deutschland",https://stackoverflow.com/jobs/562569/
IT-Administratorin oder IT-Administrator (w/m/d),DLR - Deutsches Zentrum für Luft- und Raumfahrt,"Braunschweig, Deutschland",https://stackoverflow.com/jobs/561023/
Senior Fullstack Engineer,AMBOSS,"Berlin, Germany",https://stackoverflow.com/jobs/557771/
Leitende Softwareentwicklerin oder leitender Softwareentwickler (w/m/d),Deutsches Zentrum für Luft- und Raumfahrt e. V. (DLR),"Weßling, Deutschland",https://stackoverflow.com/jobs/560835/
Data Engineer,CGI Suomi,"Helsinki, Finland",https://stackoverflow.com/jobs/559232/
Intermediate Observability Engineer,Derivco.,"Umhlanga, South Africa",https://stackoverflow.com/jobs/528647/
(Senior) Data Scientist (m/w/d),AIMviaComputer Futures Solutions GmbH,"Hanover, Germany",https://stackoverflow.com/jobs/530933/
Senior Build & CI Engineer (f/m/x),BMW Group,"München, Deutschland",https://stackoverflow.com/jobs/557339/
Quality Manager Infotainment Systems (f/m/x),BMW Group,"Ulm, Deutschland",https://stackoverflow.com/jobs/556421/
Senior Performance Engineer,Jelli,"San Mateo, CA",https://stackoverflow.com/jobs/514644/
Cloud Platform Engineer (d/m/w) Data & Analytics,DEVK Versicherungen,"Köln, Deutschland",https://stackoverflow.com/jobs/526685/
Automation Developer - Operations,MHR,"Ruddington, UK",https://stackoverflow.com/jobs/544506/
DevOps Engineer,SignalWire,No office location,https://stackoverflow.com/jobs/561307/
Graphics Software Engineer,Intel Corporation,"Shanghai, China",https://stackoverflow.com/jobs/543846/
Systemadministrator (w/m/d) für Linux-Server und -Arbeitsplatzrechner,energy & meteo systems GmbH,"Oldenburg, Deutschland",https://stackoverflow.com/jobs/565377/
DevOps Engineer,Picnic,"Amsterdam, Netherlands",https://stackoverflow.com/jobs/166839/
Back end developer per operations center,Giocaonline s.r.l.,"Milan, Italy",https://stackoverflow.com/jobs/529295/
DevOps Engineer* – Software-Entwicklung für das Fahrzeug-Infotainment,IAV GmbH,"Berlin, Deutschland",https://stackoverflow.com/jobs/562771/
"Go Software Engineer, Commercial Systems",Canonical,No office location,https://stackoverflow.com/jobs/561428/
DevOps Engineer,Flyr Inc,No office location,https://stackoverflow.com/jobs/522896/
"Software Engineer, Post Trade Team",DriveWealth Technologies LLC,No office location,https://stackoverflow.com/jobs/548618/
Senior Full Stack Engineer,NOCD,"Chicago, IL",https://stackoverflow.com/jobs/512069/
Informatiker/in / Systemintegrator/in (w/m/d) in der genetischen Diagnostik und,Universitätsklinikum Köln (AöR),"Köln, Deutschland",https://stackoverflow.com/jobs/562412/
C Embedded Engineer,SQUAD,"Kyiv, Ukraine",https://stackoverflow.com/jobs/516403/
Ethernet Manageability Applications Engineer,Intel Corporation,"Austin, TX",https://stackoverflow.com/jobs/530200/
Linux Networking specialist (m/f/x) - remote or on-site,Hetzner Cloud GmbH,"Unterföhring, Deutschland",https://stackoverflow.com/jobs/224179/
Test Engineer Connected Car (m/w/d),Pixida GmbH,"München, Deutschland",https://stackoverflow.com/jobs/564480/
Data Engineer,Possible Finance,No office location,https://stackoverflow.com/jobs/505649/
Senior Microsoft Azure Cloud Engineer,MITRE,"McLean, VA",https://stackoverflow.com/jobs/514492/
Principal Engineer - Omni-Channel Communications,Assurance,No office location,https://stackoverflow.com/jobs/565725/
Graduate Program – Information Technology (IT),Flossbach von Storch AG,"Köln, Deutschland",https://stackoverflow.com/jobs/560840/
"Machine Learning Engineer AI, Advanced Analytics & Data",H & M Hennes & Mauritz GBC AB,"Stockholm, Sweden",https://stackoverflow.com/jobs/527524/
Senior Cloud Software Engineer,Intel Corporation,"Shanghai, China",https://stackoverflow.com/jobs/540182/
Deployment Engineer / Solutions Architect,Enveil,"Fulton, MD",https://stackoverflow.com/jobs/319752/
"Sr. Software Engineer, Machine Learning Infrastructure",Chan Zuckerberg Initiative,"Redwood City, CA",https://stackoverflow.com/jobs/565330/
SRE Lead,Electrolux,"Stockholm, Sweden",https://stackoverflow.com/jobs/559156/
Leitende Softwareentwicklerin oder leitender Softwareentwickler (w/m/d),Deutsches Zentrum für Luft- und Raumfahrt e. V. (DLR),"Weßling, Deutschland",https://stackoverflow.com/jobs/560835/
"Data Architect, Data Platform",Flyr Inc,"Los Angeles, CA",https://stackoverflow.com/jobs/529117/
"VP, Senior Network Engineer",Huxley Banking & Financial ServicesviaHuxley (US),"New York, NY",https://stackoverflow.com/jobs/522786/
(Junior) Robotic Process Automation Developer (m/w/d) zur Entwicklung und Einsat,Hannover Rück SE,"Hannover, Deutschland",https://stackoverflow.com/jobs/562404/
Qt C++ SDK Software Development Engineer,Esri,"Redlands, CA",https://stackoverflow.com/jobs/561049/
DevOps Engineer,Flyr Inc,No office location,https://stackoverflow.com/jobs/522896/
Devops Engineer - Infrastructure Engineering,ByteDance,Singapore,https://stackoverflow.com/jobs/553812/
Data Center Engineer (Greater Boston Area),Canonical,"Boston, MA",https://stackoverflow.com/jobs/556753/
Data Scientist (d/m/w),DEVK Versicherungen,"Köln, Deutschland",https://stackoverflow.com/jobs/533653/
"Site Reliability Engineer, Kubernetes",camunda,No office location,https://stackoverflow.com/jobs/550386/
"Software Engineer (Product Infrastructure), TikTok e-Commerce",ByteDance,Singapore,https://stackoverflow.com/jobs/533135/
Cloud Engineer (m/f/d),epilot,No office location,https://stackoverflow.com/jobs/519514/
Senior Design Engineer,Real StaffingviaReal Staffing US,"Cincinnati, OH",https://stackoverflow.com/jobs/522494/
Test Engineer Connected Car (m/w/d),Pixida GmbH,"München, Deutschland",https://stackoverflow.com/jobs/564480/
Senior IoT Systems Engineer,Canonical,No office location,https://stackoverflow.com/jobs/512740/
"Software Engineer, Security (Remote)",Hotjar,No office location,https://stackoverflow.com/jobs/544779/
Principal Engineer - Omni-Channel Communications,Assurance,No office location,https://stackoverflow.com/jobs/565725/
(DevOps) Software Engineer (m/w/d),Marbis GmbHviaComputer Futures Solutions GmbH,No office location,https://stackoverflow.com/jobs/525398/
Security Engineer - US Region (Remote),Platform.sh,No office location,https://stackoverflow.com/jobs/545183/
Data Engineer,Flow Traders,"Amsterdam, Netherlands",https://stackoverflow.com/jobs/282261/
Site Reliability Engineer - (100% remote),Giant Swarm GmbH,No office location,https://stackoverflow.com/jobs/529005/
Embedded Linux System Engineer (m/w/d),emlix GmbH,"Berlin, Deutschland",https://stackoverflow.com/jobs/508330/
DevOps / System Engineer - (f/m/d),Delivery Hero SE,"Berlin, Germany",https://stackoverflow.com/jobs/560698/
(Senior) Data Engineer - Ad Tech (f/m/d),Delivery Hero SE,"Berlin, Germany",https://stackoverflow.com/jobs/560822/
Software Engineer (Network Software),SpaceX,"Hawthorne, CA",https://stackoverflow.com/jobs/562442/
Sr. Test Engineer,Rain Bird Corporation,"Tucson, AZ",https://stackoverflow.com/jobs/555341/
DevOps / SRE Engineer (f/m/d),HeidelbergCement AG,"Heidelberg, Deutschland",https://stackoverflow.com/jobs/555115/
Solutions Engineer (m/f/d),Smartlane GmbH,"München, Germany",https://stackoverflow.com/jobs/523761/
Machine Learning Engineer,Relay42,"Amsterdam, Netherlands",https://stackoverflow.com/jobs/469169/
Data Analytics Strategist – HConnect (f/m/d),HeidelbergCement AG,"Heidelberg, Deutschland",https://stackoverflow.com/jobs/546689/
Senior QA Engineer (m/f/d),Relayr,"Berlin, Germany",https://stackoverflow.com/jobs/561711/
Senior Infra and DevSecOps Engineer,Amaris.AI,Singapore,https://stackoverflow.com/jobs/533810/
"VP, Software Engineering",Canonical,No office location,https://stackoverflow.com/jobs/553806/
Senior DevOps Engineer,AIR MILES,"Toronto, ON, Canada",https://stackoverflow.com/jobs/539243/
Senior Data Scientist,komoot,No office location,https://stackoverflow.com/jobs/560717/
Senior DevOps Engineer,Zenjob,"Berlin, Germany",https://stackoverflow.com/jobs/552356/
IT Security Engineer for Linux based embedded Platforms (f/m/x),BMW Group,"Ulm, Deutschland",https://stackoverflow.com/jobs/498107/
DevOps Lead,Which?,"London, UK",https://stackoverflow.com/jobs/556891/
Open source stack software engineering lead,Canonical,No office location,https://stackoverflow.com/jobs/564537/
QA Devops Engineer - Open Source Database Solutions (remote),Percona Staffing LLC,No office location,https://stackoverflow.com/jobs/562423/
Engineering Manager,Gorgias,No office location,https://stackoverflow.com/jobs/560110/
Senior Data Engineer,Revance,"Pleasanton, CA",https://stackoverflow.com/jobs/525879/
Cloud Support Engineer (America - Remote),Platform.sh,No office location,https://stackoverflow.com/jobs/550747/
Senior IT Administrator,Fullscript,"Scottsdale, AZ",https://stackoverflow.com/jobs/565691/
Senior Cloud Infrastructure Engineer - OPEN TO REMOTE,The RealReal,"San Francisco, CA",https://stackoverflow.com/jobs/552029/
"Software Engineer, AVP",MUFG,"Charlotte, NC",https://stackoverflow.com/jobs/559429/
Senior Security Analyst (d/m/w) Schwerpunkt IDS und Bedrohungsanalyse,DEVK Versicherungen,"Köln, Deutschland",https://stackoverflow.com/jobs/524954/
Site Reliability Engineer  (f/m) 80- 100%,TX Group,"Zürich, Switzerland",https://stackoverflow.com/jobs/559918/
Data Scientist,AutoTrader,"Toronto, ON, Canada",https://stackoverflow.com/jobs/529015/
Graphics SRIOV Virtualization Developer,Intel Corporation,"Bengaluru, India",https://stackoverflow.com/jobs/539293/
Site Reliability Engineer,Jelli,"San Mateo, CA",https://stackoverflow.com/jobs/543740/
Senior Android Engineer,Livefront,"Minneapolis, MN",https://stackoverflow.com/jobs/521510/
"Senior Data Engineer - Consult with great companies, technologies and solutions",Pinnacle Solutions Group,"Nashville, TN",https://stackoverflow.com/jobs/515696/
Lead Data & Integration Engineer (HConnect) (f/m/d),HeidelbergCement AG,"Heidelberg, Deutschland",https://stackoverflow.com/jobs/537894/
Experienced Data Engineer,Accenture Romania,"Bucharest, Romania",https://stackoverflow.com/jobs/525561/
Senior Full Stack Engineer,BenchSci,"Toronto, ON, Canada",https://stackoverflow.com/jobs/520675/
Systemadministrator (w/m/d) für Linux-Server und -Arbeitsplatzrechner,energy & meteo systems GmbH,"Oldenburg, Deutschland",https://stackoverflow.com/jobs/565377/
Deep Learning System Frameworks Engineer,Intel Corporation,"Shanghai, China",https://stackoverflow.com/jobs/543845/
Senior Performance Engineer,Jelli,"San Mateo, CA",https://stackoverflow.com/jobs/514644/
Lead Azure Cloud Engineer,MITRE,"Bedford, MA",https://stackoverflow.com/jobs/515328/
Product Manager (m/f/d),eBay,"Kleinmachnow, Germany",https://stackoverflow.com/jobs/561810/
Senior iOS engineer - ux + video,SmileDirectClub,No office location,https://stackoverflow.com/jobs/546573/
Machine Learning Engineer,Research Square,No office location,https://stackoverflow.com/jobs/545531/
Senior Cloud Infrastructure Engineer - OPEN TO REMOTE,The RealReal,"San Francisco, CA",https://stackoverflow.com/jobs/552029/
DevOps Engineer* – Software-Entwicklung für das Fahrzeug-Infotainment,IAV GmbH,"Berlin, Deutschland",https://stackoverflow.com/jobs/562771/
Automation Developer - Operations,MHR,"Ruddington, UK",https://stackoverflow.com/jobs/544506/
Platform Engineer,SUSE,No office location,https://stackoverflow.com/jobs/555636/
Senior Security Analyst (d/m/w) Schwerpunkt IDS und Bedrohungsanalyse,DEVK Versicherungen,"Köln, Deutschland",https://stackoverflow.com/jobs/524954/
Senior Cloud Engineer/Team Lead,NFQ Technologies,"Vilnius, Lithuania",https://stackoverflow.com/jobs/546445/
"Sr. Software Engineer, Machine Learning Infrastructure",Chan Zuckerberg Initiative,"Redwood City, CA",https://stackoverflow.com/jobs/565330/
C Embedded Engineer,SQUAD,"Kyiv, Ukraine",https://stackoverflow.com/jobs/516403/
"Cloud Engineer (Azure, Google Cloud Platform, AWS)",ti&m AG,"Zürich, Schweiz",https://stackoverflow.com/jobs/522303/
Product Manager (m/f/d),eBay,"Kleinmachnow, Germany",https://stackoverflow.com/jobs/561810/
Sr. Application Security Engineer,MUFG,"New York, NY",https://stackoverflow.com/jobs/559422/
"Machine Learning Engineer AI, Advanced Analytics & Data",H & M Hennes & Mauritz GBC AB,"Stockholm, Sweden",https://stackoverflow.com/jobs/527524/
Senior Cloud Software Engineer,Intel Corporation,"Shanghai, China",https://stackoverflow.com/jobs/540182/
Data Scientist,AutoTrader,"Toronto, ON, Canada",https://stackoverflow.com/jobs/529015/
"Senior Software Development Engineer in Test - (SDET, US Only)","Pie Insurance Holdings, Inc.",No office location,https://stackoverflow.com/jobs/506438/
"Senior Data Engineer - Consult with great companies, technologies and solutions",Pinnacle Solutions Group,"Nashville, TN",https://stackoverflow.com/jobs/515696/
Software Engineer,Intel Corporation,"Hillsboro, OR",https://stackoverflow.com/jobs/530206/
Lead Data & Integration Engineer (HConnect) (f/m/d),HeidelbergCement AG,"Heidelberg, Deutschland",https://stackoverflow.com/jobs/537894/
Senior Full Stack Engineer,BenchSci,"Toronto, ON, Canada",https://stackoverflow.com/jobs/520675/
Senior Tech Specialist (m/f/d) - Wireless Communication (5G/6G),Motius GmbH,"München, Deutschland",https://stackoverflow.com/jobs/556420/
Deep Learning System Frameworks Engineer,Intel Corporation,"Shanghai, China",https://stackoverflow.com/jobs/543845/
Lead Data & Integration Engineer (HProduce) (f/m/d),HeidelbergCement AG,"Heidelberg, Deutschland",https://stackoverflow.com/jobs/537895/
Site Reliability Engineer  (f/m) 80- 100%,TX Group,"Zürich, Switzerland",https://stackoverflow.com/jobs/559918/
Senior Data Engineer (m/w/d),Deutsche Bank AG,"Frankfurt am Main, Germany",https://stackoverflow.com/jobs/534942/
Senior iOS engineer - ux + video,SmileDirectClub,No office location,https://stackoverflow.com/jobs/546573/
Machine Learning Engineer,Research Square,No office location,https://stackoverflow.com/jobs/545531/
Data Science - Engineering Manager,Belvo Technologies,No office location,https://stackoverflow.com/jobs/559029/
Solution Engineer (m/w/d) - Cloud AWS,Deloitte Deutschland,"Düsseldorf, Deutschland",https://stackoverflow.com/jobs/533754/
Cloud Support Engineer (APAC - Remote),Platform.sh,No office location,https://stackoverflow.com/jobs/562649/
Senior Cloud Engineer/Team Lead,NFQ Technologies,"Vilnius, Lithuania",https://stackoverflow.com/jobs/546445/
Data Engineer ( F/H),INGENIANCE,"Courbevoie, France",https://stackoverflow.com/jobs/501120/
"Sr. Software Engineer, Machine Learning Infrastructure",Chan Zuckerberg Initiative,"Redwood City, CA",https://stackoverflow.com/jobs/565330/
Data Engineer,Samotics,"Leiden, Netherlands",https://stackoverflow.com/jobs/518209/
Senior Fullstack Engineer,Revieve Oy,No office location,https://stackoverflow.com/jobs/560693/
Senior Software Engineer - DevSecOps,Bloomberg LP,"New York, NY",https://stackoverflow.com/jobs/516631/
Operations Engineer (Remote),We Got POP Ltd,No office location,https://stackoverflow.com/jobs/556553/
Senior DevOps Engineer,Supermetrics Oy,No office location,https://stackoverflow.com/jobs/559002/
Business Analytics Data Engineer,Viva Wallet,"Marousi, Greece",https://stackoverflow.com/jobs/523118/
"Engineer, iOS",Citizen,No office location,https://stackoverflow.com/jobs/561576/
DevOps Engineer - Routing Services,Esri,"Redlands, CA",https://stackoverflow.com/jobs/561050/
Software Engineer,Intel Corporation,"Shanghai, China",https://stackoverflow.com/jobs/540589/
SecOps Engineer,SignalWire,No office location,https://stackoverflow.com/jobs/561306/
"Senior DevSecOps/Cloud Engineer (AWS, Serverless)",CloudPareto,No office location,https://stackoverflow.com/jobs/554710/
Product Manager (m/f/d),eBay,"Kleinmachnow, Germany",https://stackoverflow.com/jobs/561810/
"Lead Engineer – SRE, Automation",LMAX Group,"London, UK",https://stackoverflow.com/jobs/544001/
Cloud Automation Engineer (m/w/d),Mimacom,"Stuttgart, Deutschland",https://stackoverflow.com/jobs/551994/
Senior Security Engineer,IG Group,"London, UK",https://stackoverflow.com/jobs/555193/
Senior DevOps Engineer,The Orchard,"London, UK",https://stackoverflow.com/jobs/543315/
Senior Solution Engineer (m/w/d) - Cloud Azure Expert,Deloitte Deutschland,"Düsseldorf, Deutschland",https://stackoverflow.com/jobs/533755/
Site Reliability Engineer (DevOps) - REMOTE,Penn Interactive Ventures,No office location,https://stackoverflow.com/jobs/548898/
Senior Fullstack Engineer,Revieve Oy,No office location,https://stackoverflow.com/jobs/560693/
"Tech Lead Engineering Manager, Business Integrity",ByteDance,Singapore,https://stackoverflow.com/jobs/553100/
Senior SRE / DevOps Engineer (m/f/d),CARIAD,"Wolfsburg, Germany",https://stackoverflow.com/jobs/561427/
Azure BI Technical Architect,BigChange Ltd,No office location,https://stackoverflow.com/jobs/532866/
Data Platform Architect,Octopus Energy,"London, UK",https://stackoverflow.com/jobs/541302/
Linux Kernel Engineer,Canonical,No office location,https://stackoverflow.com/jobs/544576/
"Cloud Engineer (Azure, Google Cloud Platform, AWS)",ti&m AG,"Bern, Schweiz",https://stackoverflow.com/jobs/522337/
Data Engineer,Capital Group,"Irvine, CA",https://stackoverflow.com/jobs/558026/
Security Engineer - APPSEC (f/m/x),PPRO,"München, Germany",https://stackoverflow.com/jobs/554399/
Senior Tech Specialist (m/f/d) - Wireless Communication (5G/6G),Motius GmbH,"München, Deutschland",https://stackoverflow.com/jobs/556420/
Software Engineer,Intel Corporation,"Hillsboro, OR",https://stackoverflow.com/jobs/530570/
Lead Azure Cloud Engineer,MITRE,"Bedford, MA",https://stackoverflow.com/jobs/515328/
Security Engineer - APPSEC (f/m/x),PPRO,"München, Germany",https://stackoverflow.com/jobs/554399/
Ecosystems Software Engineer,Intel Corporation,"George Town, Malaysia",https://stackoverflow.com/jobs/552553/
Data Engineer,Common Code,"Melbourne, Australia",https://stackoverflow.com/jobs/554797/
Sr. Application Security Engineer,MUFG,"New York, NY",https://stackoverflow.com/jobs/559422/
Platform Engineer,SUSE,No office location,https://stackoverflow.com/jobs/555636/
Field Software Engineer - APAC,Canonical,No office location,https://stackoverflow.com/jobs/512382/
Artificial Intelligence / Autonomy Engineer,MITRE,"McLean, VA",https://stackoverflow.com/jobs/523955/
Network Software Engineer,Intel Corporation,"Bengaluru, India",https://stackoverflow.com/jobs/539257/
"Cloud Engineer (Azure, Google Cloud Platform, AWS)",ti&m AG,"Zürich, Schweiz",https://stackoverflow.com/jobs/522303/
Edge AI Deep Learning Validation Engineer,Intel Corporation,"Bengaluru, India",https://stackoverflow.com/jobs/539297/
Senior DevOps Engineer,AIR MILES,"Toronto, ON, Canada",https://stackoverflow.com/jobs/539243/
Embedded Linux Engineer,Canonical,No office location,https://stackoverflow.com/jobs/541320/
Embedded Linux Consulting Engineering Director,Canonical,No office location,https://stackoverflow.com/jobs/562923/
Data Science - Engineering Manager,Belvo Technologies,No office location,https://stackoverflow.com/jobs/559029/
Solution Engineer (m/w/d) - Cloud Azure,Deloitte Deutschland,"Düsseldorf, Deutschland",https://stackoverflow.com/jobs/533750/
Senior IT Administrator,Fullscript,"Scottsdale, AZ",https://stackoverflow.com/jobs/565691/
"Site Reliability Engineer, SAP Labs",SAP,"Palo Alto, CA",https://stackoverflow.com/jobs/551343/
Site Reliability Engineer,HomeStars,No office location,https://stackoverflow.com/jobs/560072/
Database Administrator III,"Wikimedia Foundation, Inc.",No office location,https://stackoverflow.com/jobs/555173/
Solution Engineer (m/w/d) - Cloud AWS,Deloitte Deutschland,"Düsseldorf, Deutschland",https://stackoverflow.com/jobs/533754/
Embedded Linux Engineer,Canonical,No office location,https://stackoverflow.com/jobs/551201/
Product Manager – Business Intelligence (m/w/d),Basler AG,"Ahrensburg, Deutschland",https://stackoverflow.com/jobs/565318/
Senior Tech Specialist (m/f/d) - Wireless Communication (5G/6G),Motius GmbH,"München, Deutschland",https://stackoverflow.com/jobs/556420/
Machine Learning Engineer,Research Square,No office location,https://stackoverflow.com/jobs/545531/
Data Science - Engineering Manager,Belvo Technologies,No office location,https://stackoverflow.com/jobs/559029/
Senior IT Administrator,Fullscript,"Scottsdale, AZ",https://stackoverflow.com/jobs/565691/
Solution Engineer (m/w/d) - Cloud AWS,Deloitte Deutschland,"Düsseldorf, Deutschland",https://stackoverflow.com/jobs/533754/
Embedded Linux Engineer,Canonical,No office location,https://stackoverflow.com/jobs/551201/
Product Manager – Business Intelligence (m/w/d),Basler AG,"Ahrensburg, Deutschland",https://stackoverflow.com/jobs/565318/
Data Engineer,Samotics,"Leiden, Netherlands",https://stackoverflow.com/jobs/518209/
Operations Engineer (Remote),We Got POP Ltd,No office location,https://stackoverflow.com/jobs/556553/
Senior Software Engineer - DevSecOps,Bloomberg LP,"New York, NY",https://stackoverflow.com/jobs/516631/
"Engineer, iOS",Citizen,No office location,https://stackoverflow.com/jobs/561576/
Senior DevOps Platform Delivery Engineer,MITRE,"McLean, VA",https://stackoverflow.com/jobs/528317/
Linux Kernel Engineer,Canonical,"Taipei, Taiwan",https://stackoverflow.com/jobs/454598/
Senior Solutions Architect/Data Architect,Intel Corporation,"Hillsboro, OR",https://stackoverflow.com/jobs/530028/
DevOps Engineer  (Jede*r),tarent solutions GmbH,No office location,https://stackoverflow.com/jobs/555101/
Cloud Data Architect mit Flair für AI,ti&m AG,"Bern, Schweiz",https://stackoverflow.com/jobs/522336/
DevOps Engineer (m/w/d),CIS Solutions GmbH,"Ismaning, Deutschland",https://stackoverflow.com/jobs/371069/
Technical Specialist - System Services,Derivco.,"Umhlanga, South Africa",https://stackoverflow.com/jobs/528648/
Senior Solution Engineer (m/w/d) - Cloud Azure Expert,Deloitte Deutschland,"Düsseldorf, Deutschland",https://stackoverflow.com/jobs/533755/
Senior Software Engineer (Java)- Database Services,Mimecast,"London, UK",https://stackoverflow.com/jobs/558741/
LEAD INSTRUCTOR - DATA SCIENCE [full time || part time],WBS Gruppe,No office location,https://stackoverflow.com/jobs/529936/
Senior Security Engineer,BenchSci,"Toronto, ON, Canada",https://stackoverflow.com/jobs/520679/
"Graduate Software Engineer, Linux-based development",Canonical,No office location,https://stackoverflow.com/jobs/565622/
Data Engineer - Data Services (Remote - Europe),GameAnalytics,No office location,https://stackoverflow.com/jobs/540199/
Data Science and Analytics Engineer,MITRE,"McLean, VA",https://stackoverflow.com/jobs/523959/
Senior DevOps Engineer,Higher Logic,"Arlington, VA",https://stackoverflow.com/jobs/529128/
Data Science Engineer / Architect (m/w/d),Generali AG,"Aachen, Deutschland",https://stackoverflow.com/jobs/559928/
Sr Security Engineer,"Comscore, Inc.","Reston, VA",https://stackoverflow.com/jobs/556547/
Ethernet Manageability Applications Engineer,Intel Corporation,"Austin, TX",https://stackoverflow.com/jobs/530200/
Senior Security Engineer,BenchSci,"Toronto, ON, Canada",https://stackoverflow.com/jobs/520679/
Data Engineer,Possible Finance,No office location,https://stackoverflow.com/jobs/505649/
Staff Machine Leaning Engineer,Spotify,No office location,https://stackoverflow.com/jobs/546722/
Cloud Infrastructure Engineer,Relay42,"Amsterdam, Netherlands",https://stackoverflow.com/jobs/407421/
Product Manager – Business Intelligence (m/w/d),Basler AG,"Ahrensburg, Deutschland",https://stackoverflow.com/jobs/559649/
Machine Learning Engineer,"Betterup, Inc.",No office location,https://stackoverflow.com/jobs/523562/
"Senior DevSecOps/Cloud Engineer (AWS, Serverless)",CloudPareto,No office location,https://stackoverflow.com/jobs/554710/
Senior Machine Learning Engineer - Freemium Mission,Spotify,No office location,https://stackoverflow.com/jobs/497040/
Lead DevOps / SRE Engineer (f/m/d),HeidelbergCement AG,"Heidelberg, Deutschland",https://stackoverflow.com/jobs/555118/
Site Reliability Engineer (DevOps) - REMOTE,Penn Interactive Ventures,No office location,https://stackoverflow.com/jobs/548898/
Senior DevOps Engineer,DriveWealth Technologies LLC,No office location,https://stackoverflow.com/jobs/548619/
Public Cloud Consultant,Canonical,No office location,https://stackoverflow.com/jobs/551198/
Site Reliability Engineer - Terraform,SpotMe,No office location,https://stackoverflow.com/jobs/308372/
Linux Kernel Engineer,Canonical,No office location,https://stackoverflow.com/jobs/544576/
"Director, Embedded QA",Flock Safety,No office location,https://stackoverflow.com/jobs/552351/
Senior DevOps Engineer,"Comscore, Inc.",No office location,https://stackoverflow.com/jobs/556770/
Software Engineering Manager - Canonical Fast Track,Canonical,No office location,https://stackoverflow.com/jobs/561984/
Data Janitor,Leaf Logistics,No office location,https://stackoverflow.com/jobs/518794/
Senior IoT Systems Engineer,Canonical,No office location,https://stackoverflow.com/jobs/512740/
"Sr. Software Engineer, Data Products/Engineering",STARZ,"Englewood, CO",https://stackoverflow.com/jobs/474776/
"Är du en frontend-, backend- eller fullstackutvecklare?",Säkerhetspolisen,"Stockholm, Sweden",https://stackoverflow.com/jobs/556539/
Software Engineering Manager - Canonical Fast Track,Canonical,No office location,https://stackoverflow.com/jobs/561984/
"Site Reliability Engineer, Americas",Canonical,No office location,https://stackoverflow.com/jobs/454608/
Automation Test Developer,Worldline,"Beeston, UK",https://stackoverflow.com/jobs/546329/
Associate IoT Systems Engineer,Canonical,No office location,https://stackoverflow.com/jobs/487604/
Senior DevOps Engineer - Data Operations,"Sailpoint Technologies, Inc.",No office location,https://stackoverflow.com/jobs/557351/
Senior Solutions Architect/Data Architect,Intel Corporation,"Hillsboro, OR",https://stackoverflow.com/jobs/530028/
Senior DevSecOps Engineer,SAP,"Herndon, VA",https://stackoverflow.com/jobs/551334/
Electrical Engineer,MITRE,"McLean, VA",https://stackoverflow.com/jobs/523954/
Analytics Manager,eBay,"London, UK",https://stackoverflow.com/jobs/562306/
DevOps Engineer,ProQuest,"Ann Arbor, MI",https://stackoverflow.com/jobs/555435/
"Director, Embedded QA",Flock Safety,No office location,https://stackoverflow.com/jobs/552351/
Senior Software Engineer - Security Data Management,Anchore,No office location,https://stackoverflow.com/jobs/552360/
Senior Cloud Software Services Architect,Intel Corporation,"Hillsboro, OR",https://stackoverflow.com/jobs/530190/
Data Janitor,Leaf Logistics,No office location,https://stackoverflow.com/jobs/518794/
Cloud Operations - Support Engineer,Worldline,"Noida, India",https://stackoverflow.com/jobs/506062/
Development Expert Business Network Pay,SAP,"Bengaluru, India",https://stackoverflow.com/jobs/545678/
Site Reliability Engineering Manager,Canonical,No office location,https://stackoverflow.com/jobs/533163/
Senior Security Engineer - REMOTE,MUFG,No office location,https://stackoverflow.com/jobs/559444/
Scala Engineer,Snowplow Analytics,No office location,https://stackoverflow.com/jobs/562416/
"Cloud Engineer, AVP -Remote",MUFG,No office location,https://stackoverflow.com/jobs/559428/
Security Infrastructure Engineer,Bloomreach,No office location,https://stackoverflow.com/jobs/525009/
Gruppchef inom data science,Säkerhetspolisen,"Stockholm, Sweden",https://stackoverflow.com/jobs/558998/
Development Expert - Concur Invoice Engineering,SAP,"Bengaluru, India",https://stackoverflow.com/jobs/536293/
Senior Software Engineer,ComplyAdvantage,"London, UK",https://stackoverflow.com/jobs/504650/
Full-Stack Junior Software Engineer,Automation Consultants,"Reading, UK",https://stackoverflow.com/jobs/516045/
Full Stack Engineer (Application Engineer),Rakuten,"Setagaya City, Japan",https://stackoverflow.com/jobs/527726/
Full-Stack Junior Software Engineer,Automation Consultants,"Reading, UK",https://stackoverflow.com/jobs/516045/
Software Engineer,Reaktor,"Lisboa, Portugal",https://stackoverflow.com/jobs/553136/
Head of Engineering (m/f/d),VEACT GmbH,"München, Deutschland",https://stackoverflow.com/jobs/538334/
Hiring Senior & Mid Software Engineers,Lightmatter,No office location,https://stackoverflow.com/jobs/523002/
Senior Software Engineer Backend,Drooms GmbH,"Frankfurt am Main, Deutschland",https://stackoverflow.com/jobs/530685/
Senior Backend Developer (f/m/d),HOMELIKE INTERNET GmbH,"Köln, Deutschland",https://stackoverflow.com/jobs/522556/
Senior Full Stack Engineer (Remote),Sector Labs,No office location,https://stackoverflow.com/jobs/517508/
Senior Software Engineer – Container Ecosystem,SUSE,No office location,https://stackoverflow.com/jobs/554241/
Junior Software Engineer im Firmenübergreifenden Trainee-Programm (100%),M&F Engineering AG,"Weiningen, Schweiz",https://stackoverflow.com/jobs/233263/
Senior Full Stack Engineer,Sector Labs,"Cluj-Napoca, Romania",https://stackoverflow.com/jobs/517510/
Senior Software Engineer (Go),HENNGE K.K.,"Tokyo, Japan",https://stackoverflow.com/jobs/555512/
"Software Engineering Manager - Selection Domain, Core Order (w/m/d)",Delivery Hero SE,"Berlin, Germany",https://stackoverflow.com/jobs/562276/
Senior Software Engineer,Slimmer AI,"Groningen, Netherlands",https://stackoverflow.com/jobs/561547/
Senior DevOps Engineer (Cloud Solutions),Coda Payments,No office location,https://stackoverflow.com/jobs/565675/
Sr. Software Engineer,SpaceX,"Hawthorne, CA",https://stackoverflow.com/jobs/562441/
Platform Engineer,Octopus Energy,"Houston, TX",https://stackoverflow.com/jobs/531787/
"Interview Engineer (Remote, United Kingdom)",Karat.com,No office location,https://stackoverflow.com/jobs/565630/
Software Engineer,Real StaffingviaReal Staffing US,"Irvine, CA",https://stackoverflow.com/jobs/525444/
"Software Engineering Manager, Platform Area",Duolingo Inc,"New York, NY",https://stackoverflow.com/jobs/541295/
Senior Data Engineer - Remote,Didomi,"Paris, France",https://stackoverflow.com/jobs/557607/
Support Engineer,SDVI,No office location,https://stackoverflow.com/jobs/492303/
"Interview Engineer (Remote, Canada)",Karat.com,No office location,https://stackoverflow.com/jobs/565626/
Engineering Manager,AMBOSS,"Berlin, Germany",https://stackoverflow.com/jobs/524863/
"Interview Engineer (Remote, Mexico)",Karat.com,No office location,https://stackoverflow.com/jobs/565629/
Research Scientist,"Edgestream Partners, L.P.","Princeton, NJ",https://stackoverflow.com/jobs/518607/
Principal Java Engineer,Picnic,"Amsterdam, Netherlands",https://stackoverflow.com/jobs/559762/
"Interview Engineer (Remote, Mexico)",Karat.com,No office location,https://stackoverflow.com/jobs/565629/
"Interview Engineer (Remote, Israel)",Karat.com,No office location,https://stackoverflow.com/jobs/565628/
Senior SOC Engineer (Remote - Canada),Open Systems AG,"Vancouver, BC, Canada",https://stackoverflow.com/jobs/548058/
Mitarbeiter*in (m/w/d) im IT-Kundensupport,LexCom Informationssysteme GmbH,"München, Deutschland",https://stackoverflow.com/jobs/560572/
"Interview Engineer (Remote, Canada)",Karat.com,No office location,https://stackoverflow.com/jobs/565626/
Support Engineer,SDVI,No office location,https://stackoverflow.com/jobs/492303/
Lead AI Engineer,Singapore Innovate Pte. Ltd,Singapore,https://stackoverflow.com/jobs/560743/
Engineering Technical Recruiter,QuantCo,"Berlin, Deutschland",https://stackoverflow.com/jobs/553016/
"Interview Engineer (Remote, Australia)",Karat.com,No office location,https://stackoverflow.com/jobs/565625/
Engineering Technical Recruiter,QuantCo,"Berlin, Deutschland",https://stackoverflow.com/jobs/553017/
NLP Developer,"Yaraku, Inc.","Shibuya City, Japan",https://stackoverflow.com/jobs/286235/
"Engineering Manager, Monetization",Duolingo Inc,"Pittsburgh, PA",https://stackoverflow.com/jobs/547920/
UX Designer (m/w/d) 100%,Gardena GmbH,"Zürich, Switzerland",https://stackoverflow.com/jobs/531444/
Senior Security Engineer,Open Systems AG,"Noida, India",https://stackoverflow.com/jobs/548050/
"Manager, Data Science - Quick Commerce (f/m/d)",Delivery Hero SE,"Berlin, Germany",https://stackoverflow.com/jobs/560825/
Scientific Applications Developer,DownUnder GeoSolutions Pty Ltd,"West Perth, Australia",https://stackoverflow.com/jobs/352726/
Tech Lead Manager,Duolingo Inc,"New York, NY",https://stackoverflow.com/jobs/555748/
Deep Learning Engineer,SQUAD,"Kyiv, Ukraine",https://stackoverflow.com/jobs/518177/
Integration App Product Engineer,SyncSmart.io (by LyntonWeb.com),No office location,https://stackoverflow.com/jobs/519804/
Senior SOC Engineer,Open Systems AG,"Zürich, Switzerland",https://stackoverflow.com/jobs/548049/
FCAS2021: Information System Solution Architect (d/m/f) (Open),AIRBUS,"Ottobrunn, Germany",https://stackoverflow.com/jobs/552343/
Principal Full Stack Engineer,Sector Labs,"Cluj-Napoca, Romania",https://stackoverflow.com/jobs/517511/
"Engineering Manager, Data Infrastructure",HubSpot,"Cambridge, MA",https://stackoverflow.com/jobs/504204/
Network Devops Engineer: CPD,Rakuten,"Tokyo, Japan",https://stackoverflow.com/jobs/524411/
"Tech Lead Engineering Manager, Trust and Safety Engineering",ByteDance,Singapore,https://stackoverflow.com/jobs/546397/
DevOps Engineer,Topic Embedded Systems B.V.,"Best, Netherlands",https://stackoverflow.com/jobs/561717/
Data Engineer (US Only),"Pie Insurance Holdings, Inc.",No office location,https://stackoverflow.com/jobs/545525/
Senior Back-End Developer,Catawiki,No office location,https://stackoverflow.com/jobs/496306/
Researcher,IOVLABS,No office location,https://stackoverflow.com/jobs/448524/
Senior Security Engineer,Open Systems AG,"Noida, India",https://stackoverflow.com/jobs/548050/
Engineering Manager (Data Insights),ComplyAdvantage,"London, UK",https://stackoverflow.com/jobs/528535/
Backend Developer with Cloud experience,Accenture Romania,No office location,https://stackoverflow.com/jobs/534721/
Senior Data Engineer (US Only),"Pie Insurance Holdings, Inc.",No office location,https://stackoverflow.com/jobs/545526/
Machine Learning Technical Lead - E-commerce Risk Management,ByteDance,Singapore,https://stackoverflow.com/jobs/525174/
